"","hostname","normalised.degree","betweenness","weighted.betweenness","closeness","weighted.closeness","types","deg","bet","clos","eig"
"1","Acinonyx jubatus",0.00442477876106195,0,0,0.00401073282011267,0.00165195833498457,"TRUE",2,0,0,0.0473471605523288
"2","Aepyceros melampus",0.00442477876106195,0,0,0,NA,"TRUE",2,0,0,0
"3","Alcelaphus buselaphus",0.00884955752212389,0.00013646982279027,8.32654622923379e-06,0.00317525731407011,0.00176421824959814,"TRUE",4,20.0054359992457,0,0.00392589604377595
"4","Alces alces",0.0353982300884956,0.00579699875476708,0.000795544304385779,0.00533713463428805,0.00274349368936388,"TRUE",16,4576.92616572851,0,0.166648324095672
"5","Alouatta belzebul",0.0132743362831858,0.000149128379418317,1.18324604310164e-05,0.00414359819708439,0.00253841473691253,"TRUE",6,19.4662273025253,0,0.0554453172745945
"6","Alouatta caraya",0.0309734513274336,0.00741739255249383,0.00142754238242377,0.00492052285903772,0.00280501480244055,"TRUE",14,2239.32812260209,0,0.139079721383743
"7","Alouatta guariba",0.0265486725663717,0.000149128379418317,8.67713764941205e-05,0.00414359819708439,0.00287686843229904,"TRUE",12,149.413201357597,0,0.0671544285628666
"8","Alouatta palliata",0.0176991150442478,0.000715693817452974,0.000233112682116233,0.00447294669508634,0.00271912137852402,"TRUE",8,127.336470230672,0,0.0675469561039237
"9","Alouatta pigra",0.0221238938053097,0.0316825798991452,0.00167389320506642,0.00525268630146704,0.00270102635817511,"TRUE",10,3617.58357157841,0,0.180314081060635
"10","Alouatta seniculus",0.0619469026548673,0.105505980796026,0.199217402731477,0.00636177440584968,0.00334995825809843,"TRUE",28,22386.5943434768,0,0.347341285896207
"11","Ammotragus lervia",0.00442477876106195,0,0,0.00401073282011267,0.00165195833498457,"TRUE",2,0,0,0.0473471605523288
"12","Antidorcas marsupialis",0.00884955752212389,0,0,0,NA,"TRUE",4,2,0,0
"13","Antilocapra americana",0.00442477876106195,0,0,0.004999341303004,0.00214371982556626,"TRUE",2,0,0,0.0916420825849075
"14","Aotus azarae",0.00884955752212389,0.000331590507460799,4.93245604127e-05,0.00438849836226533,0.00231557532473331,"TRUE",4,20.6254665181298,0,0.0554727533301533
"15","Aotus trivirgatus",0.00442477876106195,0,0,0.00397470153144237,0.00168189830746591,"TRUE",2,0,0,0.0240590654316267
"16","Aotus vociferans",0.00884955752212389,0.00334113507117108,0,0.00442227769539374,0.0022086319844577,"TRUE",4,187.979490351566,0,0.0854410135392259
"17","Arctocebus calabarensis",0.00884955752212389,0.00348283543212967,7.49389160631041e-05,0.00367631742214145,0.00178592988369955,"TRUE",4,426.656922905984,0,0.00492408566241808
"18","Ateles belzebuth",0.00442477876106195,0,0,0.00425338102975171,0.00183713793833707,"TRUE",2,0,0,0.0314136878985267
"19","Ateles chamek",0.0132743362831858,0.000118715760007748,0,0.00411826369723809,0.00268652875152998,"TRUE",6,20.4858454297599,0,0.126613248945112
"20","Ateles fusciceps",0.0132743362831858,0.000900974177989275,0.000235121487067285,0.00452361569477895,0.00261805814200981,"TRUE",6,71.8406531021856,0,0.0784655938015759
"21","Ateles geoffroyi",0.0132743362831858,0.000900974177989275,0.000235121487067285,0.00452361569477895,0.00261805814200981,"TRUE",6,71.8406531021856,0,0.0784655938015758
"22","Ateles paniscus",0.0221238938053097,0.0144835044204034,0.00361986252925082,0.00491489297018298,0.00262916265176601,"TRUE",10,2945.89794816107,0,0.123411675736853
"23","Axis axis",0.0132743362831858,0.0089386118727368,0.00573282707882746,0.00370728181084249,0.0017025735597867,"TRUE",6,1795.03130281314,0,0.0103215702905696
"24","Axis porcinus",0.00442477876106195,0,0,0.00356653458947413,0.0016405817030824,"TRUE",2,0,0,0.00394679395246896
"25","Bassariscus astutus",0.00442477876106195,0,0,0.004999341303004,0.00214371982556626,"TRUE",2,0,0,0.0916420825849075
"26","Bison bison",0.0132743362831858,0,0,0,NA,"TRUE",6,6,0,0
"27","Bison bonasus",0.0132743362831858,0.00288996098877465,0.000226467188602607,0.00461650886088207,0.00253610446666167,"TRUE",6,324.900043745318,0,0.113810713886042
"28","Blastocerus dichotomus",0.00442477876106195,0,0,0.004999341303004,0.00214371982556626,"TRUE",2,0,0,0.0916420825849075
"29","Brachyteles arachnoides",0.0132743362831858,0.00370015545206074,0,0.00440538802882953,0.00221860744720911,"TRUE",6,420.987059164898,0,0.0831946494253495
"30","Cacajao calvus",0.00884955752212389,0.000715693817452974,6.45001209742485e-05,0.00447294669508634,0.00229597108885984,"TRUE",4,42.8960306746417,0,0.0544065283699492
"31","Callicebus brunneus",0.0265486725663717,0.00718726046560762,0.00348372349840285,0.0048360745262167,0.00278795736697663,"TRUE",12,1083.70448603595,0,0.145236606677525
"32","Callicebus cupreus",0.00442477876106195,0,0,0.00397470153144237,0.00168189830746591,"TRUE",2,0,0,0.0240590654316267
"33","Callicebus moloch",0.00442477876106195,0,0,0.00395218197602343,0.00167994477513976,"TRUE",2,0,0,0.0229928404714225
"34","Callicebus nigrifrons",0.00442477876106195,0,0,0.00425338102975171,0.00183713793833707,"TRUE",2,0,0,0.0314136878985267
"35","Callicebus ornatus",0.00884955752212389,0.000149128379418317,1.18324604310164e-05,0.00414359819708439,0.00226422166569957,"TRUE",4,8.31915590941406,0,0.0470519059030491
"36","Callicebus torquatus",0.00884955752212389,0,0,0.00395218197602343,0.00221668064504436,"TRUE",4,6.58999563004061,0,0.0298607057802112
"37","Callimico goeldii",0.00442477876106195,0,0,0,NA,"TRUE",2,0,0,0
"38","Callithrix argentata",0.00442477876106195,0,0,0.00425338102975171,0.00183713793833707,"TRUE",2,0,0,0.0314136878985267
"39","Callithrix emiliae",0.00884955752212389,0.000946075754582841,6.99429883255638e-05,0.00427027069631591,0.00205646705989471,"TRUE",4,141.949153944916,0,0.0356370181970725
"40","Callithrix jacchus",0.0132743362831858,0.000331590507460799,4.93245604127e-05,0.00438849836226533,0.00231557532473331,"TRUE",6,858.62546651813,0,0.0559425742459189
"41","Callithrix penicillata",0.00884955752212389,0.000331590507460799,4.93245604127e-05,0.00438849836226533,0.00231557532473331,"TRUE",4,20.6254665181298,0,0.0554727533301533
"42","Callithrix pygmaea",0.00884955752212389,0.000331590507460799,4.93245604127e-05,0.00438849836226533,0.00231557532473331,"TRUE",4,20.6254665181298,0,0.0554727533301534
"43","Camelus dromedarius",0.00442477876106195,0,0,0.00316399753636064,0.00140117771613436,"TRUE",2,0,0,0.00107740013504182
"44","Canis aureus",0.00884955752212389,0,0,0.00401073282011267,0.00201154127168286,"TRUE",4,15.2936379009017,0,0.0566592572307619
"45","Canis latrans",0.0353982300884956,0.000399610812691883,0.000682784225213446,0.00508378963582501,0.00260373942672086,"TRUE",16,2692.77758493723,0,0.167095488616998
"46","Canis lupus",0.0221238938053097,0.0215024006004934,0.0162247524646861,0.00549477152222061,0.0028724427878136,"TRUE",10,3483.99742150336,0,0.227885946621774
"47","Capra ibex",0.00884955752212389,0,0,0,NA,"TRUE",4,2,0,0
"48","Capra pyrenaica",0.00442477876106195,0,0,0.00311558049220992,0.00151849038869701,"TRUE",2,0,0,0.0031509865497611
"49","Capreolus capreolus",0.0221238938053097,0.0068644930621744,0.00577937472163636,0.00540469330054486,0.00288293952242976,"TRUE",10,1364.6266574607,0,0.210343844856295
"50","Capricornis crispus",0.0176991150442478,0.00815022260519891,0.00567037798210821,0.0050162309695682,0.00215009337272914,"TRUE",8,3338,0,0.0940175239114611
"51","Capricornis swinhoei",0.00442477876106195,0,0,0.00293823899328579,0.0012837149404611,"TRUE",2,0,0,0.000796271980934473
"52","Cebus albifrons",0.0353982300884956,0.00632596943545664,0.00142999573979489,0.00485296419278091,0.00291231449229832,"TRUE",16,2163.39213889622,0,0.197508027534982
"53","Cebus apella",0.0398230088495575,0.011169263234905,0.00107448690974922,0.00492052285903772,0.00288547747399626,"TRUE",18,2998.46051766149,0,0.160989721990482
"54","Cebus capucinus",0.0221238938053097,0.00718561899122582,0.00114622407053609,0.00490363319247351,0.00265896888160088,"TRUE",10,1136.26992606934,0,0.132314932258496
"55","Cephalophus dorsalis",0.0176991150442478,0.00975832824955305,0.00238014323962648,0.00374387608839826,0.0019492806426112,"TRUE",8,1785.7835376796,0,0.00682284857490545
"56","Cephalophus silvicultor",0.00442477876106195,0,0,0.00332444936872056,0.00150172673111536,"TRUE",2,0,0,0.00181955239608767
"57","Ceratotherium simum",0.0530973451327434,0.0233878735682476,0.00741062614401807,0.00512882874666288,0.00225697294842637,"TRUE",24,8683.29944351056,0,0.112469419091834
"58","Cercocebus agilis",0.0176991150442478,0.000331187793488526,4.99592773754027e-05,0.00341452759039631,0.00238872866031685,"TRUE",8,171.456064489994,0,0.0508929156493787
"59","Cercocebus atys",0.00442477876106195,0,0,0.00309925381453119,0.00160767072824181,"TRUE",2,0,0,0.00795953202965075
"60","Cercocebus galeritus",0.0265486725663717,0.000912142877798337,1.51318965127422e-05,0.00446450186180424,0.0030186846821172,"TRUE",12,343.010172668386,0,0.314995384685337
"61","Cercocebus torquatus",0.0132743362831858,0.00690190846645651,0.00138309880400594,0.00364535303344041,0.00218119809082354,"TRUE",6,647.014318591738,0,0.0455838644375583
"62","Cercopithecus albogularis",0.0265486725663717,0.0037452612781262,0,0.00451517086149685,0.00298195973934801,"TRUE",12,395.492579960269,0,0.290358078275055
"63","Cercopithecus ascanius",0.0530973451327434,0.0278265004088611,0.0271207852691612,0.00486422397049037,0.00321248482617579,"TRUE",24,5302.34264263077,0,0.487164202596834
"64","Cercopithecus cephus",0.0221238938053097,0.0162897174718952,0.0678302461705561,0.00407885447525495,0.00237746303934548,"TRUE",10,3685.43076921535,0,0.0523733345902372
"65","Cercopithecus diana",0.00442477876106195,0,0,0.0033638585907037,0.00170734109822604,"TRUE",2,0,0,0.0345197991415772
"66","Cercopithecus kandti",0.00442477876106195,0,0,0.0033638585907037,0.00170734109822604,"TRUE",2,0,0,0.0345197991415772
"67","Cercopithecus lhoesti",0.00442477876106195,0,0,0.0033638585907037,0.00170734109822604,"TRUE",2,0,0,0.0345197991415771
"68","Cercopithecus mitis",0.0486725663716814,0.00201761937635865,0.000552194128298321,0.00456583986118946,0.00315549776735115,"TRUE",22,1834.81619039067,0,0.449085146839155
"69","Cercopithecus mona",0.00442477876106195,0,0,0.00277947612758229,0.00137770648869735,"TRUE",2,0,0,0.000821362777445532
"70","Cercopithecus neglectus",0.00442477876106195,0,0,0.00304858481483859,0.00162927329431062,"TRUE",2,0,0,0.00551755444810512
"71","Cercopithecus nictitans",0.0132743362831858,0.0027804790934807,0.000904262920494789,0.0033638585907037,0.00176997548725672,"TRUE",6,379.368911396158,0,0.0094434504918811
"72","Cercopithecus petaurista",0.00442477876106195,0,0,0.00304858481483859,0.00162927329431062,"TRUE",2,0,0,0.00551755444810512
"73","Cerdocyon thous",0.0221238938053097,0.00231788579231598,0.000938409194450925,0.00510067930238921,0.00250554630255615,"TRUE",10,1381.79966467686,0,0.154702765187425
"74","Cervus elaphus",0.0398230088495575,0.0176319540782024,0.0223921230811123,0.0054609921890922,0.00289853879247694,"TRUE",18,4908.96217139591,0,0.225012395923558
"75","Cervus nippon",0.00442477876106195,0,0,0.00320565871388567,0.00153064996377616,"TRUE",2,0,0,0.00628735883464283
"76","Chiropotes albinasus",0.00442477876106195,0,0,0.00395218197602343,0.00167994477513976,"TRUE",2,0,0,0.0229928404714225
"77","Chiropotes chiropotes",0.00442477876106195,0,0,0.00395218197602343,0.00167994477513976,"TRUE",2,0,0,0.0229928404714225
"78","Chiropotes satanas",0.0176991150442478,1.46399172466874e-05,0,0.00399159119800657,0.00250471294557596,"TRUE",8,139.827635662178,0,0.0399415928465237
"79","Chlorocebus aethiops",0.0353982300884956,0.0558026669987776,0.0170136913855236,0.00471221697141255,0.00275068614865392,"TRUE",16,8581.50437714939,0,0.212861771987756
"80","Chlorocebus pygerythrus",0.0176991150442478,0.00596909179414874,0,0.00434627419585482,0.00247047688077456,"TRUE",8,840.301618810363,0,0.149344164333742
"81","Chlorocebus sabaeus",0.0132743362831858,0.00242736281809779,0,0.0044250926398211,0.00253341766237793,"TRUE",6,152.055232646373,0,0.17108214944921
"82","Chrysocyon brachyurus",0.00442477876106195,0,0,0.004999341303004,0.00214371982556626,"TRUE",2,0,0,0.0916420825849076
"83","Colobus angolensis",0.0132743362831858,0.00152519848434097,0.000124898193438507,0.00438005352898323,0.00258549811170839,"TRUE",6,120.916959810099,0,0.177480259873135
"84","Colobus guereza",0.0353982300884956,0.000761791679401495,0,0.00444761219524004,0.00306994294755573,"TRUE",16,1061.13496343346,0,0.385833299886554
"85","Colobus vellerosus",0.0132743362831858,0.00183977072751789,6.69097464849144e-05,0.00448702141722318,0.00265922883714684,"TRUE",6,325.72009871751,0,0.185294199850664
"86","Conepatus chinga",0.00442477876106195,0,0,0.00425338102975171,0.00183713793833707,"TRUE",2,0,0,0.0314136878985267
"87","Connochaetes taurinus",0.00442477876106195,0,0,0.004999341303004,0.00214371982556626,"TRUE",2,0,0,0.0916420825849075
"88","Crocuta crocuta",0.00442477876106195,0,0,0.00401073282011267,0.00165195833498457,"TRUE",2,0,0,0.0473471605523288
"89","Cuon alpinus",0.00442477876106195,0,0,0.00247489914054117,0.00110958334220536,"TRUE",2,0,0,8.74175034578221e-05
"90","Cynictis penicillata",0.00442477876106195,0,0,0,NA,"TRUE",2,0,0,0
"91","Cystophora cristata",0.00442477876106195,0,0,0.004999341303004,0.00214371982556626,"TRUE",2,0,0,0.0916420825849076
"92","Dama dama",0.0221238938053097,0.00421339873496446,0.00224927520991826,0.00519075752406496,0.00272454430375313,"TRUE",10,1015.78291927799,0,0.172746906722404
"93","Diceros bicornis",0.141592920353982,0.0585991576272829,0.0172859099718893,0.0052470564126123,0.00226403882558419,"TRUE",64,27463.7061063359,0,0.136330297533247
"94","Enhydra lutris",0.0132743362831858,0.000399610812691883,0.000169214748860348,0.00508378963582501,0.00248194667322872,"TRUE",6,139.706525671609,0,0.147791388415387
"95","Equus burchellii",0.00442477876106195,0,0,0.00304858481483859,0.00132591033687652,"TRUE",2,0,0,0.00116449837167052
"96","Equus caballus",0.00442477876106195,0,0,0.00304858481483859,0.00132591033687652,"TRUE",2,0,0,0.00116449837167052
"97","Equus grevyi",0.0132743362831858,0.000446974139877102,5.76453200485416e-06,0.00435753397356429,0.00268323379016466,"TRUE",6,62.9198431975494,0,0.186870097932347
"98","Equus zebra",0.00442477876106195,0,0,0.00286279848263236,0.00160719150623739,"TRUE",2,0,0,0.00413006091158461
"99","Erignathus barbatus",0.0132743362831858,0.00587654266234109,0.00315625112047565,0.00535402430085225,0.00278806826356795,"TRUE",6,837.518248154162,0,0.181322982256343
"100","Erythrocebus patas",0.0132743362831858,0.00242736281809779,0,0.0044250926398211,0.00253341766237793,"TRUE",6,152.055232646373,0,0.17108214944921
"101","Eulemur macaco",0.00442477876106195,0,0,0.004999341303004,0.00214371982556626,"TRUE",2,0,0,0.0916420825849075
"102","Eulemur rufus",0.0132743362831858,0,0,0.00393529230945923,0.00181892993589405,"TRUE",6,1674,0,0.0446597668777018
"103","Felis manul",0.00442477876106195,0,0,0,NA,"TRUE",2,0,0,0
"104","Felis silvestris",0.0176991150442478,0.000399610812691883,0.000100699168459796,0.00508378963582501,0.00249351322975409,"TRUE",8,534.815551794367,0,0.152495433077521
"105","Galago demidoff",0.00884955752212389,0,0,0.00222943598647476,0.00138562565995041,"TRUE",4,2,0,6.85326964615873e-05
"106","Galictis cuja",0.00442477876106195,0,0,0.00425338102975171,0.00183713793833707,"TRUE",2,0,0,0.0314136878985267
"107","Genetta genetta",0.0221238938053097,0.000399610812691883,0.00039510205299342,0.00508378963582501,0.00251498595407734,"TRUE",10,648.89638815439,0,0.161807529755954
"108","Giraffa camelopardalis",0.0176991150442478,0,0,0.004999341303004,0.00214371982556626,"TRUE",8,2508,0,0.094010663763177
"109","Gorilla beringei",0.0353982300884956,0.00849104435302725,0.021454829811607,0.0048191848596525,0.00318186024581773,"TRUE",16,2819.06899686368,0,0.426327222812111
"110","Gorilla gorilla",0.0530973451327434,0.00291057649993241,1.51318965127422e-05,0.00454895019462526,0.00310984766533714,"TRUE",24,2496.57938211869,0,0.369006267828339
"111","Halichoerus grypus",0.00442477876106195,0,0,0.004999341303004,0.00214371982556626,"TRUE",2,0,0,0.0916420825849075
"112","Herpestes ichneumon",0.0221238938053097,0.000399610812691883,0.000336816229388783,0.00508378963582501,0.00248901782363252,"TRUE",10,1821.65403843794,0,0.150834843693482
"113","Hippopotamus amphibius",0.0221238938053097,0,0,0,NA,"TRUE",10,20,0,0
"114","Hippotragus equinus",0.00442477876106195,0,0,0.0031583676475059,0.00153729428047258,"TRUE",2,0,0,0.00310453326633042
"115","Hippotragus niger",0.00884955752212389,0,0,0.004999341303004,0.00220567817077218,"TRUE",4,309.275164581588,0,0.0939762193602966
"116","Hylobates lar",0.0176991150442478,0,0,0.00393529230945923,0.00181892993589405,"TRUE",8,2508,0,0.0450445256416114
"117","Hylobates moloch",0.00442477876106195,0,0,0,NA,"TRUE",2,0,0,0
"118","Kobus ellipsiprymnus",0.00442477876106195,0,0,0.0031583676475059,0.00153729428047258,"TRUE",2,0,0,0.00310453326633042
"119","Kobus kob",0.0132743362831858,0.00419663415356671,0.000402588510183453,0.00369320708870565,0.00194482480208628,"TRUE",6,789.459887321714,0,0.00574544843986365
"120","Lagothrix lagotricha",0.00884955752212389,0.000149128379418317,1.18324604310164e-05,0.00414359819708439,0.00226422166569957,"TRUE",4,8.31915590941406,0,0.0470519059030491
"121","Lama glama",0.00442477876106195,0,0,0,NA,"TRUE",2,0,0,0
"122","Leontopithecus chrysomelas",0.00442477876106195,0,0,0.00425338102975171,0.00183713793833707,"TRUE",2,0,0,0.0314136878985267
"123","Leontopithecus chrysopygus",0.00442477876106195,0,0,0.00425338102975171,0.00183713793833707,"TRUE",2,0,0,0.0314136878985267
"124","Leontopithecus rosalia",0.00442477876106195,0,0,0.00425338102975171,0.00183713793833707,"TRUE",2,0,0,0.0314136878985267
"125","Leopardus geoffroyi",0.00442477876106195,0,0,0.004999341303004,0.00214371982556626,"TRUE",2,0,0,0.0916420825849076
"126","Leopardus pardalis",0.00442477876106195,0,0,0.004999341303004,0.00214371982556626,"TRUE",2,0,0,0.0916420825849076
"127","Lontra canadensis",0.00442477876106195,0,0,0.004999341303004,0.00214371982556626,"TRUE",2,0,0,0.0916420825849076
"128","Lophocebus albigena",0.0530973451327434,0.0155934141644211,0.0139880623871409,0.00474599630454095,0.00312753835974781,"TRUE",24,4576.51949542507,0,0.450018770643184
"129","Lophocebus aterrimus",0.0132743362831858,0.000380357892112571,4.99592773754027e-05,0.00343141725696051,0.0021806656520463,"TRUE",6,54.9678325018261,0,0.0525713868931372
"130","Lutra lutra",0.00884955752212389,0,0,0.004999341303004,0.00214371982556626,"TRUE",4,838,0,0.0924182360039825
"131","Lycalopex gymnocercus",0.00884955752212389,0.000399610812691883,0.000100699168459796,0.00508378963582501,0.00237513941019365,"TRUE",4,49.2663081553129,0,0.138989243137236
"132","Lycaon pictus",0.00442477876106195,0,0,0,NA,"TRUE",2,0,0,0
"133","Lynx canadensis",0.00442477876106195,0,0,0.004999341303004,0.00214371982556626,"TRUE",2,0,0,0.0916420825849075
"134","Lynx lynx",0.00442477876106195,0,0,0.004999341303004,0.00214371982556626,"TRUE",2,0,0,0.0916420825849075
"135","Lynx pardinus",0.0221238938053097,0.000399610812691883,0.00211735130247278,0.00508378963582501,0.00251790478858381,"TRUE",10,563.895630822175,0,0.16221188630642
"136","Lynx rufus",0.0132743362831858,0,0,0.004999341303004,0.00226320095186314,"TRUE",6,313.878671491217,0,0.105552629075658
"137","Macaca assamensis",0.00442477876106195,0,0,0.00287968814919656,0.00139023336710623,"TRUE",2,0,0,0.00168929313597983
"138","Macaca cyclopis",0.0132743362831858,0.000113307881238224,0,0.00297539625972704,0.00177169464786055,"TRUE",6,848.773658903707,0,0.00554164404620364
"139","Macaca fascicularis",0.0353982300884956,0.00361757005086855,0.0029384381642966,0.00322311136933535,0.00195456807625159,"TRUE",16,2700.38485789214,0,0.015119816212133
"140","Macaca fuscata",0.0176991150442478,0.000257963009773829,0,0.00432375464043589,0.00267446829516473,"TRUE",8,295.740819525752,0,0.210431192388634
"141","Macaca mulatta",0.00884955752212389,0.000113307881238224,0,0.00297539625972704,0.00177169464786055,"TRUE",4,10.773658903707,0,0.00549510381605283
"142","Macaca nemestrina",0.0309734513274336,0.000113307881238224,0.0028634992482335,0.00297539625972704,0.0019538136934668,"TRUE",14,731.531304744357,0,0.00785555663412912
"143","Macaca nigra",0.00442477876106195,0,0,0.00287968814919656,0.00139023336710623,"TRUE",2,0,0,0.00168929313597983
"144","Macaca radiata",0.0221238938053097,0.000113307881238224,0.00575947202676101,0.00297539625972704,0.00225921970325693,"TRUE",10,285.176043234038,0,0.010262051594054
"145","Macaca sinica",0.0398230088495575,0.0270709656752955,0.0113981450828425,0.00449265130607792,0.00288577903835812,"TRUE",18,7737.22464546426,0,0.254864761850523
"146","Mandrillus leucophaeus",0.00442477876106195,0,0,0.00309925381453119,0.00160767072824181,"TRUE",2,0,0,0.00795953202965075
"147","Mandrillus sphinx",0.0309734513274336,0.00860377533274201,0.00741805598526877,0.00461087897202733,0.00305244977986301,"TRUE",14,1357.97338330179,0,0.332772381543022
"148","Martes foina",0.0176991150442478,0.0229188432536187,0.0144281872651024,0.005444102522528,0.00279075807267779,"TRUE",8,4553.00418406551,0,0.193765468725885
"149","Martes martes",0.0132743362831858,0.000399610812691883,0.000100699168459796,0.00508378963582501,0.00237774249627384,"TRUE",6,449.458427023838,0,0.141581597046889
"150","Martes melampus",0.0353982300884956,0,0,0,NA,"TRUE",16,56,0,0
"151","Martes pennanti",0.00884955752212389,0,0,0.004999341303004,0.00225966510815545,"TRUE",4,72.8307405704006,0,0.100444227863058
"152","Meles meles",0.0309734513274336,0.000399610812691883,0.000100699168459796,0.00508378963582501,0.00237513941019365,"TRUE",14,4219.26630815531,0,0.145081408273952
"153","Mephitis mephitis",0.0176991150442478,0.000873272386429373,0.000216490201960078,0.00508378963582501,0.00242982676599585,"TRUE",8,1043.16507126758,0,0.12562910942183
"154","Miopithecus talapoin",0.00884955752212389,0.00013646982279027,8.32654622923379e-06,0.00317525731407011,0.00176421824959814,"TRUE",4,20.0054359992457,0,0.00392589604377596
"155","Mirounga angustirostris",0.00442477876106195,0,0,0.004999341303004,0.00214371982556626,"TRUE",2,0,0,0.0916420825849076
"156","Monachus schauinslandi",0.0132743362831858,0.000399610812691883,0.000169214748860348,0.00508378963582501,0.00248194667322872,"TRUE",6,139.706525671609,0,0.147791388415387
"157","Muntiacus reevesi",0.00442477876106195,0,0,0.0037579508105351,0.001769970486383,"TRUE",2,0,0,0.0241298142146073
"158","Mustela nigripes",0.0132743362831858,0,0,0.00397470153144237,0.0018373398275296,"TRUE",6,1674,0,0.04305694696304
"159","Mustela putorius",0.00884955752212389,0.000399610812691883,0.000100699168459796,0.00508378963582501,0.00237513941019365,"TRUE",4,49.2663081553129,0,0.138989243137236
"160","Nasua nasua",0.0132743362831858,0.0021207045219619,0.000456294733362011,0.00433782936257272,0.00215418014748679,"TRUE",6,409.760801712906,0,0.0374516411782177
"161","Neovison vison",0.00442477876106195,0,0,0.004999341303004,0.00214371982556626,"TRUE",2,0,0,0.0916420825849075
"162","Nyctereutes procyonoides",0.00442477876106195,0,0,0.0037579508105351,0.001769970486383,"TRUE",2,0,0,0.0241298142146073
"163","Nycticebus coucang",0.00442477876106195,0,0,0,NA,"TRUE",2,0,0,0
"164","Odobenus rosmarus",0.00884955752212389,0.000399610812691883,0.000100699168459796,0.00508378963582501,0.00237513941019365,"TRUE",4,49.2663081553129,0,0.138989243137236
"165","Odocoileus hemionus",0.0309734513274336,0.00306697596617564,0.00125033747628608,0.00512319885780815,0.00249761407682998,"TRUE",14,3863.22045194891,0,0.150326534037936
"166","Odocoileus virginianus",0.0530973451327434,0.00421339873496446,0.00368019217941209,0.00519075752406496,0.00269153210819216,"TRUE",24,6566.74259172793,0,0.183954403725248
"167","Otolemur crassicaudatus",0.00442477876106195,0,0,0.00222943598647476,0.00113811973875649,"TRUE",2,0,0,3.4410844032731e-05
"168","Ourebia ourebi",0.00442477876106195,0,0,0.0031583676475059,0.00153729428047258,"TRUE",2,0,0,0.00310453326633042
"169","Ovibos moschatus",0.00442477876106195,0,0,0.004999341303004,0.00214371982556626,"TRUE",2,0,0,0.0916420825849075
"170","Ovis ammon",0.00442477876106195,0,0,0.004999341303004,0.00214371982556626,"TRUE",2,0,0,0.0916420825849075
"171","Ovis aries",0.00884955752212389,0.000399610812691883,0.000100699168459796,0.00508378963582501,0.00237513941019365,"TRUE",4,49.2663081553129,0,0.138989243137236
"172","Ovis canadensis",0.00442477876106195,0,0,0.004999341303004,0.00214371982556626,"TRUE",2,0,0,0.0916420825849075
"173","Ozotoceros bezoarticus",0.00884955752212389,0.000399610812691883,0.000100699168459796,0.00508378963582501,0.00237513941019365,"TRUE",4,49.2663081553129,0,0.138989243137236
"174","Pan troglodytes",0.084070796460177,0.00846120985479618,0.12472396579619,0.00471784686026728,0.00334351660767986,"TRUE",38,6731.64612700171,0,0.533191830278604
"175","Panthera leo",0.0221238938053097,0.00231788579231598,0.000798047415158126,0.00510067930238921,0.00250937584107636,"TRUE",10,1359.94937212468,0,0.156270422508338
"176","Panthera onca",0.00884955752212389,0.00184380464071138,0.00026853111589279,0.0050162309695682,0.00222148769136166,"TRUE",4,312.543551836625,0,0.0967442721636817
"177","Panthera pardus",0.00442477876106195,0,0,0.004999341303004,0.00214371982556626,"TRUE",2,0,0,0.0916420825849076
"178","Papio anubis",0.0619469026548673,0.0145265790778124,0.0261772541431482,0.00489800330361878,0.00327834789926732,"TRUE",28,4396.73796493059,0,0.546708801404392
"179","Papio cynocephalus",0.0575221238938053,0.0174222996328423,0.0210163814898288,0.00471784686026728,0.00324348526529744,"TRUE",26,5285.82732559906,0,0.487645063254648
"180","Papio hamadryas",0.0176991150442478,0.00234705002817991,3.38666255285182e-05,0.00450391108378738,0.00272588099137785,"TRUE",8,433.970188677622,0,0.17309894482996
"181","Papio papio",0.0353982300884956,0.00532703667688914,0.000557190056035861,0.00463339852744627,0.00308384452894924,"TRUE",16,1023.92625107631,0,0.360498410692613
"182","Papio ursinus",0.0530973451327434,0.0690019397318131,0.140885048585505,0.00597331207487302,0.00339501645355636,"TRUE",24,22618.3797772605,0,0.576452595073236
"183","Pecari tajacu",0.00884955752212389,0.0021207045219619,0.000456294733362011,0.00433782936257272,0.00207585569289571,"TRUE",4,244.149556003337,0,0.0353604818509957
"184","Perodicticus potto",0.0176991150442478,0.0163651069045079,0.0112991232330702,0.00320903664719851,0.00176853265800056,"TRUE",8,3350.00543599924,0,0.00399442874023755
"185","Phacochoerus aethiopicus",0.0132743362831858,0,0,0.00316399753636064,0.00140117771613436,"TRUE",6,1674,0,0.00109580588527628
"186","Philantomba monticola",0.0176991150442478,0.00975832824955305,0.00248006179437728,0.00374387608839826,0.0019492806426112,"TRUE",8,1785.7835376796,0,0.00682284857490544
"187","Phoca largha",0.00884955752212389,0.000399610812691883,0.000100699168459796,0.00508378963582501,0.00237513941019365,"TRUE",4,49.2663081553129,0,0.138989243137236
"188","Phoca vitulina",0.0132743362831858,0.000399610812691883,0.000169214748860348,0.00508378963582501,0.00248194667322872,"TRUE",6,139.706525671609,0,0.147791388415387
"189","Piliocolobus badius",0.00442477876106195,0,0,0.0033638585907037,0.00170734109822604,"TRUE",2,0,0,0.0345197991415772
"190","Piliocolobus rufomitratus",0.0353982300884956,0.000761791679401495,4.87102954410176e-05,0.00444761219524004,0.00307102934537141,"TRUE",16,793.147292798334,0,0.387615525746612
"191","Piliocolobus tephrosceles",0.0132743362831858,0.00183977072751789,6.69097464849144e-05,0.00448702141722318,0.00265922883714684,"TRUE",6,325.72009871751,0,0.185294199850664
"192","Pithecia irrorata",0.0265486725663717,0.00205024797720315,0.00412570021267677,0.00454050536134316,0.00279622193591844,"TRUE",12,437.116033944187,0,0.102597934809481
"193","Pithecia pithecia",0.0132743362831858,0.000233299041227752,0,0.00406759469754548,0.00249391588262804,"TRUE",6,51.6761464478702,0,0.0421299742422263
"194","Pongo abelii",0.00442477876106195,0,0,0.00393529230945923,0.00181892993589405,"TRUE",2,0,0,0.0439096372007898
"195","Pongo pygmaeus",0.0221238938053097,0.0117386667834899,0.0101414610931954,0.00448702141722318,0.0027075111456853,"TRUE",10,2678.68571830958,0,0.192432996395716
"196","Presbytis melalophos",0.00884955752212389,0,0,0.00287968814919656,0.00150083268032073,"TRUE",4,33.8906740327885,0,0.00189818804858423
"197","Procapra gutturosa",0.00884955752212389,0,0,0,NA,"TRUE",4,2,0,0
"198","Procyon cancrivorus",0.00442477876106195,0,0,0.00303957699267101,0.00146757640421364,"TRUE",2,0,0,0.00510218957877413
"199","Procyon lotor",0.0398230088495575,0.0332631637167174,0.044685604263339,0.00579878552037626,0.00292141827625104,"TRUE",18,7804.65885802723,0,0.211547141118538
"200","Procyon pygmaeus",0.00884955752212389,0,0,0.004999341303004,0.0022357960798471,"TRUE",4,241.336991346595,0,0.0942099132797861
"201","Propithecus coquereli",0.00442477876106195,0,0,0,NA,"TRUE",2,0,0,0
"202","Puma concolor",0.00884955752212389,0,0,0.004999341303004,0.0021825381674716,"TRUE",4,242.626714493635,0,0.0946860406877991
"203","Pusa hispida",0.0132743362831858,0.00587654266234109,0.00270661762409703,0.00535402430085225,0.00278806826356795,"TRUE",6,837.518248154162,0,0.181322982256343
"204","Rangifer tarandus",0.0398230088495575,0.00486957351942488,0.000123697249270829,0.00528646563459544,0.00257664467447257,"TRUE",18,6387.508009678,0,0.142343921817836
"205","Redunca redunca",0.00442477876106195,0,0,0.00332444936872056,0.00150172673111536,"TRUE",2,0,0,0.00181955239608767
"206","Rupicapra pyrenaica",0.00442477876106195,0,0,0.004999341303004,0.00214371982556626,"TRUE",2,0,0,0.0916420825849075
"207","Rupicapra rupicapra",0.0176991150442478,0.00303023082359745,0.000970823249414727,0.00510067930238921,0.00255466942740377,"TRUE",8,738.70739946351,0,0.147031278072343
"208","Rusa unicolor",0.00442477876106195,0,0,0.00356653458947413,0.0016405817030824,"TRUE",2,0,0,0.00394679395246896
"209","Saguinus bicolor",0.00442477876106195,0,0,0.00425338102975171,0.00183713793833707,"TRUE",2,0,0,0.0314136878985267
"210","Saguinus fuscicollis",0.0176991150442478,0.00810818899302305,6.99429883255638e-05,0.00470095719370308,0.00231023286353584,"TRUE",8,996.458400093135,0,0.10960079060269
"211","Saguinus geoffroyi",0.0221238938053097,0.000331590507460799,4.93245604127e-05,0.00438849836226533,0.00235562288929167,"TRUE",10,1724.83798672575,0,0.0681327472598405
"212","Saguinus labiatus",0.00442477876106195,0,0,0.00425338102975171,0.00183713793833707,"TRUE",2,0,0,0.0314136878985267
"213","Saguinus leucopus",0.00442477876106195,0,0,0.00425338102975171,0.00183713793833707,"TRUE",2,0,0,0.0314136878985267
"214","Saguinus midas",0.0265486725663717,0.00281691458517506,0.00333384566627664,0.00462776863859154,0.00278634609703204,"TRUE",12,616.349212339837,0,0.105585227571927
"215","Saguinus niger",0.00442477876106195,0,0,0.00298609304855104,0.00149341640531251,"TRUE",2,0,0,0.00422333029854584
"216","Saguinus nigricollis",0.00884955752212389,0.000331590507460799,4.93245604127e-05,0.00438849836226533,0.00231557532473331,"TRUE",4,20.6254665181298,0,0.0554727533301534
"217","Saguinus oedipus",0.00442477876106195,0,0,0.00397470153144237,0.00168189830746591,"TRUE",2,0,0,0.0240590654316266
"218","Saimiri boliviensis",0.0176991150442478,0.000900974177989275,0.000251774579525752,0.00452361569477895,0.0026315544562924,"TRUE",8,110.546027527773,0,0.08998119313939
"219","Saimiri oerstedii",0.0132743362831858,0.00430440289525962,7.21999205929614e-05,0.0045714697500442,0.00233338210591822,"TRUE",6,495.013058283847,0,0.0893856450221555
"220","Saimiri sciureus",0.0398230088495575,0.0106075091017273,0.00190255697596901,0.00492052285903772,0.00294801529016081,"TRUE",18,3088.08807756004,0,0.169258495000571
"221","Saimiri ustus",0.0176991150442478,0.000900974177989275,0.000251774579525752,0.00452361569477895,0.0026315544562924,"TRUE",8,110.546027527773,0,0.08998119313939
"222","Semnopithecus entellus",0.00884955752212389,0,0,0.00290783759347023,0.00167234154092163,"TRUE",4,72.225429813165,0,0.00411954464138548
"223","Semnopithecus priam",0.00442477876106195,0,0,0.00395781186487816,0.00173520649527124,"TRUE",2,0,0,0.068846283491728
"224","Spilogale gracilis",0.00442477876106195,0,0,0.004999341303004,0.00214371982556626,"TRUE",2,0,0,0.0916420825849076
"225","Spilogale putorius",0.0132743362831858,0,0,0,NA,"TRUE",6,6,0,4.14514745181505e-18
"226","Sus scrofa",0.0176991150442478,0.0407439138948277,0.0195458771624737,0.00580441540923099,0.00279712321200564,"TRUE",8,5194.79128857503,0,0.15113237865051
"227","Syncerus caffer",0.0221238938053097,0,0,0.004999341303004,0.00214371982556626,"TRUE",10,3340,0,0.0948276354211128
"228","Taurotragus oryx",0.00442477876106195,0,0,0.004999341303004,0.00214371982556626,"TRUE",2,0,0,0.0916420825849076
"229","Taxidea taxus",0.00442477876106195,0,0,0.004999341303004,0.00214371982556626,"TRUE",2,0,0,0.0916420825849075
"230","Tayassu pecari",0.00884955752212389,0.0021207045219619,0.000456294733362011,0.00433782936257272,0.00207585569289571,"TRUE",4,244.149556003337,0,0.0353604818509956
"231","Trachypithecus cristatus",0.0221238938053097,0.0422553701357654,0.0432131096204775,0.00439694319554743,0.00242256566471736,"TRUE",10,7455.00685669547,0,0.149907481662984
"232","Trachypithecus obscurus",0.00442477876106195,0,0,0.00287968814919656,0.00139023336710623,"TRUE",2,0,0,0.00168929313597983
"233","Trachypithecus vetulus",0.00884955752212389,0.0045691063557617,2.88226600242708e-05,0.0043913133066927,0.00216993166834747,"TRUE",4,554.790521944024,0,0.0929760977063352
"234","Tragelaphus angasii",0.00442477876106195,0,0,0.004999341303004,0.00214371982556626,"TRUE",2,0,0,0.0916420825849076
"235","Tragelaphus scriptus",0.00442477876106195,0,0,0.004999341303004,0.00214371982556626,"TRUE",2,0,0,0.0916420825849075
"236","Tragelaphus spekii",0.00884955752212389,0.00013646982279027,8.32654622923379e-06,0.00317525731407011,0.00176421824959814,"TRUE",4,20.0054359992457,0,0.00392589604377595
"237","Tragelaphus strepsiceros",0.00884955752212389,0,0,0.004999341303004,0.00214371982556626,"TRUE",4,838,0,0.0924182360039825
"238","Urocyon cinereoargenteus",0.0132743362831858,0.0302171196695974,0.0133342872542368,0.00573122685411945,0.00283273192640822,"TRUE",6,3774.16161239306,0,0.170402931035763
"239","Urocyon littoralis",0.00442477876106195,0,0,0.004999341303004,0.00214371982556626,"TRUE",2,0,0,0.0916420825849075
"240","Ursus americanus",0.0132743362831858,0.000873272386429373,0.000162367651470059,0.00508378963582501,0.00232051994105965,"TRUE",6,939.243261384679,0,0.116752415257839
"241","Ursus arctos",0.00884955752212389,0,0,0.004999341303004,0.00214371982556626,"TRUE",4,838,0,0.0924182360039825
"242","Ursus maritimus",0.00442477876106195,0,0,0.004999341303004,0.00214371982556626,"TRUE",2,0,0,0.0916420825849075
"243","Vulpes lagopus",0.00442477876106195,0,0,0.004999341303004,0.00214371982556626,"TRUE",2,0,0,0.0916420825849075
"244","Vulpes vulpes",0.0398230088495575,0.00367652944916794,0.00940341399241083,0.00516823796864602,0.00271087007082342,"TRUE",18,3082.38114604344,0,0.19470889973725
"245","Zalophus californianus",0.0176991150442478,0.0068644930621744,0.00540468014132084,0.00540469330054486,0.0028781587849213,"TRUE",8,1038.91762296331,0,0.20545279647095
