"","ParasiteBinomialName","PropCommunityZoonotic","PropHostsZoonoticCarriers","EcoRealm","NumEcoregions","ZoonoticStatus","WebOfScienceHits","Phylum","Order","CloseContactTransmission","VectorTransmission","HostDietBreadth","HostDietInvertebrate","HostHabitatBreadth","HostGeographicRange","HostInterbirthInterval","HostTrophicLevel","MeanHumanPopDensity","MeanTemp","MeanPrecipitation","HostIslandEndemicity","HostPopDensity","HostEvolutionaryDistinctiveness","ParasiteCloseness","ParasiteBetweenness","HostProportionalGenerality","HostBetweenness","Intracellular","HasDomesticHost","NumOrganSystems","NumTransmissionModes"
"1","Babesia bicornis",0.096153846,0.333333333,"AT",3,0,9,"Apicomplexa","Achromatorida",NA,NA,2,0,1,6697308.45,1049.37,1,30.49,225.9,70.41,1,0.11,3.51324406371774,0.000516453113213652,0,0.0645134948003707,0.00122805424553488,1,1,1,NA
"2","Babesia bigemina",0.154929577,1,"AT",2,0,797,"Apicomplexa","Achromatorida",0,1,4.5,0,1,8712202.1395,334.58,1,31.125,174.55,80.64,1,9.31,2.32449738745514,0.000538130720178538,0,0.0479243104231325,0.00347896364919585,1,1,1,1
"3","Babesia bovis",0.123076923,1,NA,1,0,1253,"Apicomplexa","Achromatorida",0,1,4,0,1,14410477.61,304.16,1,34.11,127.64,80.45,1,17.32,NA,0.000530874617428785,0,0.0847891645947729,0.00694997549363207,1,1,1,1
"4","Babesia cellii",0.466666667,1,"IM",1,0,0,"Apicomplexa","Achromatorida",0,1,2,10,NA,46446.4766,547.5,1,335.39,258.11,141.67,2,30,2.2116833498539,0.00046960589983556,0,0.0156675630229472,0.00224342799192105,1,1,1,1
"5","Babesia cynicti",1,0,"AT",1,0,1,"Apicomplexa","Achromatorida",0,1,1,90,1,2252272.009,365,3,15.27,184.21,33.29,1,NA,3.11456004051963,0.000414341607267756,0,0.0101378348972011,0,1,1,1,1
"6","Babesia divergens",0.151315789,0.6,"PA",2,0,414,"Apicomplexa","Achromatorida",NA,NA,4,0,1,7599424.22506667,365,1,89.29,57.1166666666667,53.3966666666667,1,5.255,2.53690628907681,0.000569241260718103,4.78863157449941e-06,0.0970774493186529,0.0536138055209762,1,1,1,NA
"7","Babesia EU2",0.153846154,1,"PA",1,1,NA,"Apicomplexa","Achromatorida",NA,NA,5,0,1,7256885.952,365,1,101.77,73.59,55.04,1,7.61,2.8107399782047,0.000534049162381802,0,0.0893972713662279,0.00581748861891253,NA,NA,NA,NA
"8","Babesia lotori",0.217391304,0.1,"NT",2,0,3,"Apicomplexa","Achromatorida",0,1,6,19,2,11684182.92,365,2,38.77,111.84,63.25,1,3.29,2.37333404780104,0.000557903600171614,0,0.150224280749435,0.0466763360385458,1,1,1,1
"9","Babesia microti",0.277777778,1,"AT",1,0,189,"Apicomplexa","Achromatorida",0,1,2,10,NA,4289611.805,669.16,1,24.54,230.4,86.42,1,5.86,2.26473516247121,0.000504072387896886,0,0.0442378250059684,0.0060450766568442,1,1,1,1
"10","Babesia missirolii",0.235294118,1,"PA",1,0,1,"Apicomplexa","Achromatorida",0,1,1,20,1,9763858.967,365,3,NA,NA,NA,1,2.52,3.28760578632801,0.000504208439823444,0,0.0433162036516774,0.00011896374638878,1,1,1,1
"11","Babesia odocoilei",0.123076923,0.047619048,NA,10,0,59,"Apicomplexa","Achromatorida",0,1,4,0,1,14410477.61,304.16,1,34.11,127.64,80.45,1,17.32,NA,0.000530874617428785,0,0.0847891645947729,0.00694997549363207,1,1,1,1
"12","Babesia ovis",0.157142857,0.428571429,"PA",3,0,216,"Apicomplexa","Achromatorida",0,1,3,0,1,5198221.36536667,365,1,79.47,76.5633333333333,49.2633333333333,1,2.9,2.35378794350934,0.000564615495215135,5.1540348248844e-06,0.0749585368156686,0.0516749548916478,1,1,1,1
"13","Babesia pitheci",0.384615385,0.6,"AT",3,0,0,"Apicomplexa","Achromatorida",0,1,4,10,NA,1697864.478825,1073.1,2,33.035,231.3525,117.205,1,88.09,2.32217674874336,0.000502603027090061,4.09073311760457e-07,0.0158979683615199,0.00229517429921595,1,1,1,1
"14","Babesia propitheci",0,0,"AT",2,0,0,"Apicomplexa","Achromatorida",0,1,NA,0,NA,NA,365,NA,16.43,251.42,134.79,3,NA,NA,0.000332737661718349,0,0.00368648541716404,5.93262920548249e-06,1,1,1,1
"15","Babesia rossi",0.5,1,"AT",1,0,89,"Apicomplexa","Achromatorida",0,1,1,0,1,1272437.563,355.87,3,27.77,235.55,68.95,1,0.01,1.72613037649562,0.000457923574408458,0,0.00921621354291009,4.69406275732036e-05,1,1,1,1
"16","Balantidium aragaoi",0.117647059,1,"NT",1,0,0,"Ciliophora","Vestibuliferida",1,0,3,0,NA,3064124.147,337.62,1,12.01,229.01,116.64,1,80,2.20999553703414,0.000439601914965333,0,0.0193540484401112,4.17708689570914e-05,0,0,1,2
"17","Balantidium coli",0.255,0.25,"AT",22,1,169,"Ciliophora","Vestibuliferida",1,0,3.14285714285714,8.33333333333333,1.5,2287537.63481875,903.915714285714,1.64285714285714,55.3222222222222,228.356111111111,119.32,1.27777777777778,16.3726666666667,2.42551866431076,0.000600805307679527,0.00255959367205303,0.0248325753795078,0.00810677176573162,0,1,1,2
"18","Besnoitia tarandi",0.151515152,0.5,"PA",1,0,16,"Apicomplexa","Eucoccidiorida",0,1,3,0,NA,18168072.93,365,1,1.07,-90.47,29.21,1,2.55,2.5768435007199,0.000499310570467361,0,0.0368648541716404,2.62284659610805e-05,1,0,7,3
"19","Blastocystis hominis",0.252631579,0.833333333,"NT",3,0,957,"Heterokontophyta","Blastocystida",1,0,5,12,1.25,5103832.1662,575.1025,2,23.9633333333333,243.196666666667,147.843333333333,1,23.708,2.24907208161938,0.000547110147331357,2.96924658607522e-05,0.0254981908020513,0.0169184581805982,0,1,1,2
"20","Blepharocorys jubata",0.16,1,"AT",1,0,0,"Ciliophora","Entodiniomorphida",NA,NA,1,0,1,5395317.894,967.25,1,18.23,216.38,60.61,1,0.47,3.51324406371774,0.000505206153951535,0,0.0313351260458943,3.40345570209259e-05,NA,NA,NA,NA
"21","Charonina hippopotami",0.125,0,"AT",1,0,0,"Ciliophora","Entodiniomorphida",NA,NA,2,0,2,1882099.289,696.54,2,35.86,233.56,91.23,1,4.86,4.09088584230537,0.00044577867243106,0,0.00921621354291009,0,NA,0,1,NA
"22","Chilomastix mesnili",0.24742268,0.625,"AT",10,0,42,"Metamonada","Retortamonadida",1,0,3.7,9.375,1.22222222222222,3255225.9547,782.796666666667,1.7,29.795,238.80125,134.425625,1,43.5407142857143,2.27056642667797,0.000591463075389221,0.00310266849199784,0.0271302286169416,0.014062476663154,0,1,1,2
"23","Cryptosporidium parvum",0.199626866,0.421052632,"PA",13,1,5648,"Apicomplexa","Eucoccidiorida",1,0,3.4375,4.70588235294118,1.23076923076923,14793423.1865688,430.716,1.5625,116.291428571429,95.3171428571429,71.2785714285714,1.05882352941176,14.109375,2.3109887257246,0.000718807678647381,0.00301346283777686,0.0680373411550127,0.0228360092897662,1,1,1,2
"24","Cycloposthium bipalmatum",0.096153846,0.5,"AT",1,0,2,"Ciliophora","Entodiniomorphida",NA,NA,2,0,1,6697308.45,1049.37,1,30.49,225.9,70.41,1,0.11,3.51324406371774,0.000516453113213652,0,0.0645134948003707,0.00122805424553488,NA,1,NA,NA
"25","Cycloposthium corrugatum",0.096153846,1,"AT",1,0,0,"Ciliophora","Entodiniomorphida",NA,NA,2,0,1,6697308.45,1049.37,1,30.49,225.9,70.41,1,0.11,3.51324406371774,0.000516453113213652,0,0.0645134948003707,0.00122805424553488,NA,1,NA,NA
"26","Cycloposthium dentiferum",0.096153846,0.5,"AT",1,0,1,"Ciliophora","Entodiniomorphida",NA,NA,2,0,1,6697308.45,1049.37,1,30.49,225.9,70.41,1,0.11,3.51324406371774,0.000516453113213652,0,0.0645134948003707,0.00122805424553488,NA,1,NA,NA
"27","Cycloposthium edentatum",0.096153846,1,"AT",1,0,5,"Ciliophora","Entodiniomorphida",NA,NA,2,0,1,6697308.45,1049.37,1,30.49,225.9,70.41,1,0.11,3.51324406371774,0.000516453113213652,0,0.0645134948003707,0.00122805424553488,NA,1,1,NA
"28","Cycloposthium scutigerum",0.063636364,0.5,"AT",2,0,1,"Ciliophora","Entodiniomorphida",NA,NA,2,0,1,3004843.97373333,660.623333333333,1,32.405,223.705,73.065,1,3.555,3.15287751586512,0.000540851758709695,2.84292882238637e-05,0.0513035887221995,0.00193840853198081,NA,1,NA,NA
"29","Cyclospora cayetanensis",0.454545455,1,"IM",1,0,NA,"Apicomplexa","Eucoccidiorida",NA,NA,1,10,NA,7513074.329,385.5,1,241.88,168.8,117.36,1,11.1,2.00791075450134,0.0004468126670729,0,0.0230405338572752,0.000672885049358672,NA,NA,NA,NA
"30","Cyclospora cercopitheci",0.473684211,1,"AT",1,0,2,"Apicomplexa","Eucoccidiorida",1,0,NA,20,NA,1146145.938,NA,NA,54.72,216.52,70.92,1,NA,2.16698061683313,0.000454749029455442,0,0.0239621552115663,0.0071524288645439,1,0,1,2
"31","Cyclospora colobi",0.4,1,"AT",1,0,3,"Apicomplexa","Eucoccidiorida",1,0,2,0,1,3050444.516,486.66,1,40.2,231.64,108.92,1,99.2,1.97894932975839,0.000427538644143869,0,0.0156675630229472,0.000746387202778176,1,0,1,2
"32","Cyclospora papionis",0.357142857,1,"AT",2,0,7,"Apicomplexa","Eucoccidiorida",1,0,NA,10,NA,4134203.8574,588.105,NA,44.325,252.945,134.175,1,10.935,2.26473516247121,0.000506412481033681,3.52874741774196e-07,0.0345608007859129,0.00366849885180389,1,0,1,2
"33","Cystoisospora belli",0.625,1,"AT",1,0,290,"Apicomplexa","Eucoccidiorida",NA,NA,1,0,1,69785.6158,NA,1,16.08,248.21,50.35,1,2.27,2.79251096801251,0.000495183662028439,0,0.00829459218861909,0.000222228260915141,NA,NA,NA,NA
"34","Cystoisospora canis",0.291970803,1,NA,2,0,89,"Apicomplexa","Eucoccidiorida",0,0,1,6,1,40919979.77,365,3,46.855,46.25,49.805,1,0.675,1.43531361624059,0.000556815184759151,2.2374304279161e-06,0.107368887774902,0.0500740538919907,1,1,1,1
"35","Cystoisospora felis",0.276041667,0.444444444,"PA",4,0,29,"Apicomplexa","Eucoccidiorida",0,0,1.625,4,1,19075584.660675,360.107142857143,2.875,46.38875,132.42875,54.765,1,0.588571428571429,2.06130795677026,0.000582755752089517,3.54945700101728e-05,0.0527628225331602,0.015403059271887,1,1,1,1
"36","Cystoisospora ohioensis",0.287671233,1,NA,1,0,18,"Apicomplexa","Eucoccidiorida",0,0,1,11,1,17097659.69,365,3,27.27,58.18,53.03,1,0.25,1.3826716934761,0.000523255709541545,0,0.0792594364690268,0.00239040093922541,1,1,1,1
"37","Cytauxzoon felis",0.2875,0.3,NA,5,0,102,"Apicomplexa","Piroplasmida",0,1,1,0,1,10522640.2848,471.455,3,30.3666666666667,141.31,70.4433333333333,1,0.146666666666667,2.44546448474482,0.00053776791504105,6.09285582525828e-07,0.0506891744860055,0.0119325845833879,1,1,1,2
"38","Cytauxzoon manul",0,0,"PA",1,0,11,"Apicomplexa","Piroplasmida",0,1,1,NA,1,3356628.392,NA,3,21.03,7.27,29.96,NA,NA,2.29547669802195,0.000359757574332741,0,0.00184324270858202,0,1,0,1,2
"39","Dientamoeba fragilis",0.338709677,0.666666667,"AT",3,0,231,"Metamonada","Trichomonadida",1,0,3.25,5,1,3452643.0336,831.164,1.75,34.0966666666667,239.736666666667,108.34,1,81.2466666666667,2.25469072356763,0.00051729663515831,2.90666059635884e-06,0.0213508947077417,0.00163833572323356,0,1,1,2
"40","Diplodinium anacanthum",0.096153846,0.5,"AT",1,0,0,"Ciliophora","Entodiniomorphida",NA,NA,2,0,1,6697308.45,1049.37,1,30.49,225.9,70.41,1,0.11,3.51324406371774,0.000516453113213652,0,0.0645134948003707,0.00122805424553488,0,1,1,NA
"41","Diplodinium dentatum",0.096153846,1,"AT",1,0,5,"Ciliophora","Entodiniomorphida",NA,NA,2,0,1,6697308.45,1049.37,1,30.49,225.9,70.41,1,0.11,3.51324406371774,0.000516453113213652,0,0.0645134948003707,0.00122805424553488,0,1,1,NA
"42","Diploplastron affine",0.096153846,0.5,"AT",1,0,35,"Ciliophora","Entodiniomorphida",NA,NA,2,0,1,6697308.45,1049.37,1,30.49,225.9,70.41,1,0.11,3.51324406371774,0.000516453113213652,0,0.0645134948003707,0.00122805424553488,NA,1,1,NA
"43","Eimeria auburnensis",0.303030303,1,NA,1,0,37,"Apicomplexa","Eucoccidiorida",0,0,2,0,2,9582710.449,399,1,0.7,-5.35,33.59,1,0.28,2.21975014398966,0.000505115452667163,0,0.0322567474001853,0.000388930680965736,1,1,1,1
"44","Eimeria bovis",0.303030303,0.5,NA,1,0,243,"Apicomplexa","Eucoccidiorida",0,0,2,0,2,9582710.449,399,1,0.7,-5.35,33.59,1,0.28,2.21975014398966,0.000505115452667163,0,0.0322567474001853,0.000388930680965736,1,1,1,1
"45","Eimeria crispus",0.3125,1,"PA",1,0,3,"Apicomplexa","Eucoccidiorida",NA,NA,2,0,NA,139673.4316,547.5,1,346.2,93.81,144.41,3,1.98,2.02013187254421,0.000494866207533137,0,0.0211972911486932,0.00159403947940813,1,0,1,NA
"46","Eimeria felina",0.413793103,1,"PA",1,0,0,"Apicomplexa","Eucoccidiorida",0,0,3.5,10,1,21938979.9,165.375,2.5,41.59,210.885,50.235,1,1.12,2.22636275268852,0.000498721012118943,2.43962784436481e-07,0.0253445872430028,0.0037355639876406,1,1,1,1
"47","Eimeria furonis",0.25,0,NA,1,0,5,"Apicomplexa","Eucoccidiorida",0,0,1,0,1,1595.0177,365,3,NA,NA,NA,1,2,1.92761567717196,0.000448626692760338,0,0.00460810677145505,4.16324856525087e-07,1,0,1,1
"48","Eimeria hreindyria",0.151515152,1,"PA",1,0,0,"Apicomplexa","Eucoccidiorida",NA,NA,3,0,NA,18168072.93,365,1,1.07,-90.47,29.21,1,2.55,2.5768435007199,0.000499310570467361,0,0.0368648541716404,2.62284659610805e-05,1,0,1,NA
"49","Eimeria ictidea",0.25,0,NA,1,0,1,"Apicomplexa","Eucoccidiorida",0,0,1,0,1,1595.0177,365,3,NA,NA,NA,1,2,1.92761567717196,0.000448626692760338,0,0.00460810677145505,4.16324856525087e-07,1,0,1,1
"50","Eimeria kamoshika",0.3125,0.5,"PA",2,0,2,"Apicomplexa","Eucoccidiorida",NA,NA,2,0,NA,77043.0038,547.5,1,470.985,121.335,154.845,2.5,1.98,2.02013187254421,0.000494866207533137,0,0.0110594562514921,0.000797019739704065,1,0,1,NA
"51","Eimeria macusaniensis",0.333333333,0,"NT",1,0,34,"Apicomplexa","Eucoccidiorida",0,0,2,NA,1,1658675.842,NA,1,NA,NA,NA,NA,0.45,3.78478036643099,0.000369680294843028,0,0.00368648541716404,0,1,0,1,1
"52","Eimeria madisonensis",0.123076923,1,NA,1,0,0,"Apicomplexa","Eucoccidiorida",0,0,4,0,1,14410477.61,304.16,1,34.11,127.64,80.45,1,17.32,NA,0.000530874617428785,0,0.0847891645947729,0.00694997549363207,1,NA,1,1
"53","Eimeria mayeri",0.151515152,0.333333333,"PA",1,0,2,"Apicomplexa","Eucoccidiorida",NA,NA,3,0,NA,18168072.93,365,1,1.07,-90.47,29.21,1,2.55,2.5768435007199,0.000499310570467361,0,0.0368648541716404,2.62284659610805e-05,1,0,1,NA
"54","Eimeria mccordocki",0.123076923,1,NA,1,0,2,"Apicomplexa","Eucoccidiorida",0,0,4,0,1,14410477.61,304.16,1,34.11,127.64,80.45,1,17.32,NA,0.000530874617428785,0,0.0847891645947729,0.00694997549363207,1,NA,1,1
"55","Eimeria melis",0.235294118,0.041666667,"PA",1,0,2,"Apicomplexa","Eucoccidiorida",0,0,1,20,1,9763858.967,365,3,NA,NA,NA,1,2.52,3.28760578632801,0.000504208439823444,0,0.0433162036516774,0.00011896374638878,1,NA,1,1
"56","Eimeria mephitidis",0.142857143,0,NA,1,0,0,"Apicomplexa","Eucoccidiorida",0,0,6,30,1,2979663.406,243.33,2,32.08,134.16,72.47,1,4.7,2.51579145366571,0.00039670020745742,0,0.00737297083432808,0,1,NA,1,1
"57","Eimeria nuttalli",0.217391304,0.333333333,NA,2,0,1,"Apicomplexa","Eucoccidiorida",0,0,4.5,29.5,1.5,5842335.63715,365,2,53.2,183.92,93.125,2,3.29,2.37333404780104,0.000557903600171614,0,0.078337815114736,0.0233381680192729,1,NA,1,1
"58","Eimeria odocoilei",0.123076923,1,NA,1,0,5,"Apicomplexa","Eucoccidiorida",0,0,4,0,1,14410477.61,304.16,1,34.11,127.64,80.45,1,17.32,NA,0.000530874617428785,0,0.0847891645947729,0.00694997549363207,1,NA,1,1
"59","Eimeria pachylepyron",0,0,"IM",1,0,2,"Apicomplexa","Eucoccidiorida",0,0,6,40,1,1444761.112,365,2,149.98,248.73,237.29,1,20,3.7274998168141,0.000294715683309645,0,0.00552972812574606,0,1,NA,1,1
"60","Eimeria rangiferis",0.151515152,0.5,"PA",1,0,1,"Apicomplexa","Eucoccidiorida",NA,NA,3,0,NA,18168072.93,365,1,1.07,-90.47,29.21,1,2.55,2.5768435007199,0.000499310570467361,0,0.0368648541716404,2.62284659610805e-05,1,0,1,NA
"61","Eimeria serowi",0.3125,1,"PA",1,0,0,"Apicomplexa","Eucoccidiorida",NA,NA,2,0,NA,139673.4316,547.5,1,346.2,93.81,144.41,3,1.98,2.02013187254421,0.000494866207533137,0,0.0211972911486932,0.00159403947940813,1,0,1,NA
"62","Eimeria vulpis",0.545454545,1,"PA",1,0,6,"Apicomplexa","Eucoccidiorida",0,0,6,30,1,13701475.16,365,2,50.25,232.14,80.56,1,NA,3.09392550870737,0.000486839143866223,0,0.0175108057315292,2.08162428262544e-07,1,NA,1,1
"63","Eimeria zuernii",0.303030303,1,NA,1,0,92,"Apicomplexa","Eucoccidiorida",0,0,2,0,2,9582710.449,399,1,0.7,-5.35,33.59,1,0.28,2.21975014398966,0.000505115452667163,0,0.0322567474001853,0.000388930680965736,1,1,1,1
"64","Elyplastron bubali",0.096153846,0.5,"AT",1,0,0,"Ciliophora","Entodiniomorphida",NA,NA,2,0,1,6697308.45,1049.37,1,30.49,225.9,70.41,1,0.11,3.51324406371774,0.000516453113213652,0,0.0645134948003707,0.00122805424553488,NA,NA,1,NA
"65","Endolimax nana",0.303030303,0.608695652,"AT",11,0,121,"Amoebozoa","Mastigamoebida",1,0,3.8,8.33333333333333,1.57142857142857,3400996.4641,841.654545454545,1.7,34.5371428571429,233.308571428571,116.456428571429,1,46.6416666666667,2.26535811744043,0.0005795812071365,0.000793065172668225,0.0275828105319952,0.0100650697001573,0,0,1,2
"66","Entamoeba chattoni",0.343137255,0.5,"AT",5,1,13,"Sarcomastigophora","Amoebida",1,0,3.33333333333333,13.3333333333333,2,3375943.84333333,1125.41333333333,1.33333333333333,33.2275,220.93,87.36,1,3.42,2.37232796507582,0.000556633782190407,4.20475403585012e-06,0.0435466089902502,0.0315584414508845,0,NA,1,2
"67","Entamoeba coli",0.26635514,0.234782609,"AT",22,1,804,"Sarcomastigophora","Amoebida",1,0,3.05882352941176,7.40740740740741,1.45454545454545,1965584.26697619,887.637333333333,1.52941176470588,61.8628571428571,234.823571428571,117.244285714286,1.14814814814815,48.1328571428571,2.30642470300881,0.000602165826945106,0.0152011937334004,0.0216251867774712,0.00568261574998285,0,NA,1,2
"68","Entamoeba dispar",0.409090909,1,"PA",2,0,791,"Sarcomastigophora","Amoebida",1,0,5,5,1.5,156593.6596,486.66,2,177.945,185.02,104.385,2,108.315,2.02124830289761,0.000460472280499309,1.37229066245521e-07,0.0147459416686561,0.000764506255283945,0,NA,1,2
"69","Entamoeba hartmanni",0.318965517,0.472222222,"AT",11,1,42,"Sarcomastigophora","Amoebida",1,0,3.07692307692308,6.875,1.33333333333333,5696345.94414286,878.899230769231,1.69230769230769,53.3017647058824,221.374117647059,105.837647058824,1.0625,41.6893333333333,2.27595201184556,0.000606700891163701,0.002316788573287,0.0300340135457188,0.00890820044473623,0,NA,1,2
"70","Entamoeba histolytica",0.275862069,0.239583333,"AT",21,0,0,"Sarcomastigophora","Amoebida",1,0,2.94117647058824,6.53846153846154,1.5,1645543.25842381,896.3575,1.47058823529412,91.3126923076923,234.146923076923,120.231923076923,1.19230769230769,54.702380952381,2.31033253701843,0.000596995853735907,0.00530845766564313,0.0217289957761688,0.00604912857698191,0,1,1,2
"71","Entamoeba polecki",0.368421053,1,"AT",1,1,44,"Sarcomastigophora","Amoebida",1,0,NA,10,NA,7826350.711,752.81,NA,39.42,242.67,98.24,1,10.8,2.26473516247121,0.000500879702686995,0,0.0488459317774235,0.00700652389863285,0,NA,1,2
"72","Entodinium bicornutum",0.092592593,0.666666667,"AT",1,0,1,"Ciliophora","Entodiniomorphida",NA,NA,1.5,0,1,6046313.172,1008.31,1,24.36,221.14,65.51,1,0.29,3.51324406371774,0.000519355554313553,2.74458132491042e-07,0.0479243104231325,0.000631044401277903,0,1,1,NA
"73","Entodinium bursa",0.096153846,0.5,"AT",1,0,9,"Ciliophora","Entodiniomorphida",NA,NA,2,0,1,6697308.45,1049.37,1,30.49,225.9,70.41,1,0.11,3.51324406371774,0.000516453113213652,0,0.0645134948003707,0.00122805424553488,0,1,1,NA
"74","Entodinium caudatum",0.092592593,0.666666667,"AT",1,0,113,"Ciliophora","Entodiniomorphida",NA,NA,1.5,0,1,6046313.172,1008.31,1,24.36,221.14,65.51,1,0.29,3.51324406371774,0.000519355554313553,2.74458132491042e-07,0.0479243104231325,0.000631044401277903,0,1,1,NA
"75","Entodinium dubardi",0.092592593,0.666666667,"AT",1,0,8,"Ciliophora","Entodiniomorphida",NA,NA,1.5,0,1,6046313.172,1008.31,1,24.36,221.14,65.51,1,0.29,3.51324406371774,0.000519355554313553,2.74458132491042e-07,0.0479243104231325,0.000631044401277903,0,1,1,NA
"76","Entodinium furca",0.092592593,1,"AT",1,0,4,"Ciliophora","Entodiniomorphida",NA,NA,1.5,0,1,6046313.172,1008.31,1,24.36,221.14,65.51,1,0.29,3.51324406371774,0.000519355554313553,2.74458132491042e-07,0.0479243104231325,0.000631044401277903,0,1,1,NA
"77","Entodinium minimum",0.092592593,0.666666667,"AT",1,0,1,"Ciliophora","Entodiniomorphida",NA,NA,1.5,0,1,6046313.172,1008.31,1,24.36,221.14,65.51,1,0.29,3.51324406371774,0.000519355554313553,2.74458132491042e-07,0.0479243104231325,0.000631044401277903,0,1,1,NA
"78","Entodinium rectangulatum",0.092592593,0.666666667,"AT",1,0,1,"Ciliophora","Entodiniomorphida",NA,NA,1.5,0,1,6046313.172,1008.31,1,24.36,221.14,65.51,1,0.29,3.51324406371774,0.000519355554313553,2.74458132491042e-07,0.0479243104231325,0.000631044401277903,NA,NA,NA,NA
"79","Entopolypoides macaci",0.371794872,0.8,"AT",3,0,8,"Apicomplexa","Achromatorida",0,1,2.5,25,NA,2710953.54666667,533.805,1.5,69.47,228.625,110.4675,1,27.925,2.21507424479026,0.000525024384586797,6.70549138936843e-06,0.0290310726601668,0.00614711831848233,NA,NA,NA,1
"80","Epidinium bulbiferum",0.092592593,0.666666667,"AT",1,0,0,"Ciliophora","Entodiniomorphida",NA,NA,1.5,0,1,6046313.172,1008.31,1,24.36,221.14,65.51,1,0.29,3.51324406371774,0.000519355554313553,2.74458132491042e-07,0.0479243104231325,0.000631044401277903,NA,NA,NA,NA
"81","Epidinium caudatum",0.096153846,0.5,"AT",1,0,46,"Ciliophora","Entodiniomorphida",NA,NA,2,0,1,6697308.45,1049.37,1,30.49,225.9,70.41,1,0.11,3.51324406371774,0.000516453113213652,0,0.0645134948003707,0.00122805424553488,NA,NA,NA,NA
"82","Epidinium gigas",0.092592593,0.666666667,"AT",1,0,1,"Ciliophora","Entodiniomorphida",NA,NA,1.5,0,1,6046313.172,1008.31,1,24.36,221.14,65.51,1,0.29,3.51324406371774,0.000519355554313553,2.74458132491042e-07,0.0479243104231325,0.000631044401277903,NA,NA,NA,NA
"83","Eudiplodinium maggi",0.092592593,0.666666667,"AT",1,0,2,"Ciliophora","Entodiniomorphida",NA,NA,1.5,0,1,6046313.172,1008.31,1,24.36,221.14,65.51,1,0.29,3.51324406371774,0.000519355554313553,2.74458132491042e-07,0.0479243104231325,0.000631044401277903,NA,NA,NA,NA
"84","Giardia intestinalis",0.197297297,0.36,"PA",18,0,1265,"Sarcomastigophora","Diplomonadida",1,0,3.35294117647059,8.71428571428571,1.41666666666667,5680604.10661111,618.734666666667,1.52941176470588,53.5433333333333,186.382666666667,107.394666666667,1,36.7747368421053,2.29775383933507,0.000657675012980714,0.0185620036993387,0.0339683299152972,0.0116935016183137,0,NA,1,2
"85","Hepatocystis cercopitheci",0.358974359,0.25,"AT",7,0,0,"Apicomplexa","Haemosporida",0,1,3.66666666666667,20,1.5,1693990.77365,1082.225,2,40.83,240.38,130.164,1,45.8175,2.42924626931811,0.000498965905586747,1.46377670661889e-06,0.0110594562514921,0.00089862054981514,NA,NA,NA,1
"86","Hepatocystis foleyi",0.166666667,0,"AT",1,0,0,"Apicomplexa","Haemosporida",0,1,NA,0,NA,NA,NA,NA,15.27,228.42,106.88,3,NA,NA,0.000407602501838923,0,0.00737297083432808,0.000302876333122001,NA,NA,NA,1
"87","Hepatocystis kochi",0.31147541,0.517241379,"AT",10,0,2,"Apicomplexa","Haemosporida",0,1,3.09090909090909,12.5,1.5,2089810.61921333,734.81,1.72727272727273,51.1210526315789,240.274210526316,131.578421052632,1,30.8425,2.26513907135122,0.00056153165154649,0.000648445829932999,0.0164921716031023,0.00353739162006205,NA,NA,NA,1
"88","Hepatocystis semnopitheci",0.366666667,0.666666667,"IM",6,0,0,"Apicomplexa","Haemosporida",0,1,2.33333333333333,17.5,NA,1313074.558375,419.1175,1.33333333333333,214.9225,253.615,159.1475,1,23.6225,2.23584171400732,0.000447220822852573,1.82972088327361e-06,0.0122114829443559,0.0022995461833059,NA,NA,NA,1
"89","Hepatocystis simiae",0.317073171,0.555555556,"AT",3,0,1,"Apicomplexa","Haemosporida",0,1,2,12,NA,3303363.03588,667.156,1,41.106,227.408,88.522,1,6.52,2.26473516247121,0.000548470666596936,9.79967046080933e-06,0.0363118813590658,0.0196873018227787,NA,NA,NA,1
"90","Hepatocystis taiwanensis",0.428571429,1,NA,1,0,0,"Apicomplexa","Haemosporida",0,1,NA,10,NA,26772.9622,462.33,NA,391.32,129.52,161.86,2,NA,2.00791075450134,0.000428581708914146,0,0.00737297083432808,0,NA,NA,NA,1
"91","Hepatozoon americanum",0.247191011,1,NA,1,0,91,"Apicomplexa","Eucoccidiorida",0,1,1,5.5,1,13108394.8875,365,3,51.515,50.365,52.475,1,0.345,1.89880035106103,0.000529423396878835,9.14860441636805e-07,0.0534540385488785,0.00122791022146519,1,NA,NA,2
"92","Hepatozoon canis",0.357723577,0.428571429,"NT",6,0,324,"Apicomplexa","Eucoccidiorida",0,1,3.2,20.2,1.2,19742121.1976,425.8325,2.6,33.172,195.624,110.816,1,2.108,1.98135527263671,0.000559264119437193,8.32998254066966e-06,0.0416572852139535,0.0208790951735713,1,NA,NA,2
"93","Hepatozoon procyonis",0.215827338,0.25,NA,3,0,2,"Apicomplexa","Eucoccidiorida",0,1,6,14.5,2,11156657.025,365,2,26.9,175.5,109.79,1,9.355,2.54290225776718,0.000560443236134027,1.94179128737412e-05,0.0797202471461725,0.0233494087903991,1,NA,NA,2
"94","Iodamoeba butschlii",0.261306533,0.388888889,"AT",15,0,50,"Amoebozoa","Entamoebida",1,0,3.57142857142857,10.4761904761905,1.27272727272727,2792623.37596875,788.483571428571,1.64285714285714,45.3409090909091,235.246818181818,122.073636363636,1.0952380952381,38.9355555555556,2.34896914814789,0.000596088840892188,0.00174336073703415,0.0240878308507877,0.00962183257326323,0,NA,1,2
"95","Isospora arctopitheci",0.2,1,"NT",1,0,4,"Apicomplexa","Eucoccidiorida",0,0,4,40,1,75237.6833,240.9,2,26.56,259.25,279.43,1,5.13,1.7169017920542,0.000436617842709497,0,0.0110594562514921,0.000629628896765715,1,NA,1,1
"96","Isospora cebi",0.333333333,0.5,NA,2,0,1,"Apicomplexa","Eucoccidiorida",0,0,5,20,2,3694705.352,547.5,2,8.75,252.69,192.99,1,16.79,2.1307171862085,0.00041071355589288,0,0.0101378348972011,2.50597826138351e-05,1,NA,1,1
"97","Isospora endocallimici",0,0,"NT",1,0,0,"Apicomplexa","Eucoccidiorida",0,0,2,40,1,602347.5354,182.5,2,3,259.78,209.19,1,2.08,NA,0.000300547775894759,0,0.00276486406287303,0,1,NA,1,1
"98","Isospora lutrae",0.244897959,1,"PA",1,0,1,"Apicomplexa","Eucoccidiorida",0,0,1,30,2,25136275.45,365,3,102.46,50.26,56.63,1,0.85,NA,0.000496045324229972,0,0.0497675531317145,3.18488515241692e-05,1,NA,1,1
"99","Isospora melis",0.235294118,0.111111111,"PA",1,0,2,"Apicomplexa","Eucoccidiorida",0,0,1,20,1,9763858.967,365,3,NA,NA,NA,1,2.52,3.28760578632801,0.000504208439823444,0,0.0433162036516774,0.00011896374638878,1,NA,1,1
"100","Isospora papionis",0.476190476,0.25,"AT",1,0,0,"Apicomplexa","Eucoccidiorida",0,0,2,20,NA,3348437.988,882.08,1,25.55,184.62,41.9,1,2.77,2.26473516247121,0.000528788487888231,0,0.0534540385488785,0.084569094590019,1,NA,1,1
"101","Isospora saimirae",0.103448276,1,"NT",1,0,0,"Apicomplexa","Eucoccidiorida",0,0,3,20,1,4419721.477,383.25,2,4.63,253.03,186.86,1,36.09,2.16093366027277,0.000421280255522207,0,0.0304135046916033,0.0186400370745761,1,NA,1,1
"102","Isospora sengeri",0.142857143,0,NA,1,0,0,"Apicomplexa","Eucoccidiorida",0,0,6,30,1,2979663.406,243.33,2,32.08,134.16,72.47,1,4.7,2.51579145366571,0.00039670020745742,0,0.00737297083432808,0,1,NA,1,1
"103","Isospora spilogales",0.142857143,0,NA,1,0,0,"Apicomplexa","Eucoccidiorida",0,0,6,30,1,2979663.406,243.33,2,32.08,134.16,72.47,1,4.7,2.51579145366571,0.00039670020745742,0,0.00737297083432808,0,1,NA,1,1
"104","Isospora vulpis",0.339805825,1,"PA",1,0,36,"Apicomplexa","Eucoccidiorida",0,0,1,1,1,64742299.85,365,3,66.44,34.32,46.58,1,1.1,1.48795553900508,0.000545296121643919,0,0.135478339080778,0.097757706844756,1,NA,1,1
"105","Leishmania braziliensis",0.2,1,"NT",1,0,1887,"Euglenozoa","Trypanosomatida",0,1,4,40,1,75237.6833,240.9,2,26.56,259.25,279.43,1,5.13,1.7169017920542,0.000436617842709497,0,0.0110594562514921,0.000629628896765715,1,NA,4,1
"106","Leishmania chagasi",0.416666667,0.25,"NT",3,1,1406,"Euglenozoa","Trypanosomatida",0,1,7,50,1,7258627.826,243.33,2,35.64,229.96,118.7,1,3.54,1.72613037649562,0.000487383351572455,0,0.0230405338572752,0.00256967596443184,1,1,4,2
"107","Leishmania donovani",0.545454545,0.333333333,"AT",2,0,6697,"Euglenozoa","Trypanosomatida",0,1,6,30,1,13701475.16,365,2,50.25,232.14,80.56,1,NA,3.09392550870737,0.000486839143866223,0,0.0175108057315292,2.08162428262544e-07,1,1,4,2
"108","Leishmania infantum",0.326530612,0.35,"PA",5,1,3694,"Euglenozoa","Trypanosomatida",1,1,4,14.4285714285714,1,25537489.4722,314.305,2.42857142857143,49.46,154.45,61.02,1,1.17833333333333,1.96357409303013,0.000567517936315036,2.24302235958915e-05,0.0472660094557817,0.0170495472012742,1,1,4,3
"109","Leishmania shawi",0.2,1,"NT",1,1,49,"Euglenozoa","Trypanosomatida",0,1,4.5,10,1.5,3136717.20055,657,1.5,20.1,241.17,154.19,1,19.685,2.40593659701224,0.000415384672038033,0,0.00875540286576458,0.000889921939989013,1,NA,4,2
"110","Metadinium medium",0.092592593,0.666666667,"AT",1,0,8,"Ciliophora","Entodiniomorphida",NA,NA,1.5,0,1,6046313.172,1008.31,1,24.36,221.14,65.51,1,0.29,3.51324406371774,0.000519355554313553,2.74458132491042e-07,0.0479243104231325,0.000631044401277903,NA,NA,NA,NA
"111","Neospora caninum",0.187183811,0.307017544,"PA",22,0,2740,"Apicomplexa","Eucoccidiorida",1,0,3.45945945945946,12.4,1.25,11351378.775127,391.476,2.08108108108108,52.3976923076923,136.272692307692,60.2996153846154,1,3.535,2.24910751463876,0.000738852662493573,0.00948466051777474,0.0437396513009463,0.0108161072199401,NA,NA,NA,3
"112","Ostracodinium gracile",0.096153846,1,"AT",1,0,7,"Ciliophora","Entodiniomorphida",NA,NA,2,0,1,6697308.45,1049.37,1,30.49,225.9,70.41,1,0.11,3.51324406371774,0.000516453113213652,0,0.0645134948003707,0.00122805424553488,NA,NA,NA,NA
"113","Ostracodinium mammosum",0.096153846,0.5,"AT",1,0,5,"Ciliophora","Entodiniomorphida",NA,NA,2,0,1,6697308.45,1049.37,1,30.49,225.9,70.41,1,0.11,3.51324406371774,0.000516453113213652,0,0.0645134948003707,0.00122805424553488,NA,NA,NA,NA
"114","Ostracodinium trivesiculatum",0.096153846,1,"AT",1,0,1,"Ciliophora","Entodiniomorphida",NA,NA,2,0,1,6697308.45,1049.37,1,30.49,225.9,70.41,1,0.11,3.51324406371774,0.000516453113213652,0,0.0645134948003707,0.00122805424553488,NA,NA,NA,NA
"115","Paraisotricha minuta",0.125,0,"AT",1,0,0,"Ciliophora","Vestibuliferida",NA,NA,2,0,2,1882099.289,696.54,2,35.86,233.56,91.23,1,4.86,4.09088584230537,0.00044577867243106,0,0.00921621354291009,0,NA,NA,NA,NA
"116","Paraplagiopyla kiboko",0.125,0,"AT",1,0,0,"Ciliophora","Plagiopylida",NA,NA,2,0,2,1882099.289,696.54,2,35.86,233.56,91.23,1,4.86,4.09088584230537,0.00044577867243106,0,0.00921621354291009,0,NA,NA,NA,NA
"117","Parentodinium africanum",0.125,0,"AT",1,0,6,"Ciliophora","Entodiniomorphida",NA,NA,2,0,2,1882099.289,696.54,2,35.86,233.56,91.23,1,4.86,4.09088584230537,0.00044577867243106,0,0.00921621354291009,0,NA,NA,NA,NA
"118","Parentodinium ostrea",0.125,0,"AT",1,0,1,"Ciliophora","Entodiniomorphida",NA,NA,2,0,2,1882099.289,696.54,2,35.86,233.56,91.23,1,4.86,4.09088584230537,0.00044577867243106,0,0.00921621354291009,0,NA,NA,NA,NA
"119","Pentatrichomonas hominis",0.356164384,1,"AT",1,0,101,"Metamonada","Trichomonadida",0,0,3.66666666666667,10,1.66666666666667,1061866.47936667,1627.9,1.66666666666667,20.7533333333333,252.63,118.863333333333,1,24.11,2.57421835948108,0.000530629723960981,2.76491155694679e-06,0.0405513395888044,0.0123633197768787,NA,NA,NA,1
"120","Plasmodium brasilianum",0.131313131,0.211111111,"NT",14,1,61,"Apicomplexa","Haemosporida",0,1,3.59090909090909,12.5925925925926,1.125,1470066.63667692,646.426875,1.59090909090909,27.1984615384615,243.512692307692,175.759230769231,1,29.5891666666667,2.37008357342228,0.000539309836875373,0.00552812001141161,0.00959757410330637,0.003316669026435,1,NA,3,1
"121","Plasmodium coatneyi",0.428571429,0.375,"IM",3,0,72,"Apicomplexa","Haemosporida",0,1,2.5,20,NA,1758971.22666667,401.76,1.5,100.7,248.733333333333,235.63,1,35.18,2.141075811127,0.000410749836406628,9.88049276967749e-07,0.0168963914953352,0.00412737771823777,1,NA,3,1
"122","Plasmodium cynomolgi",0.327868852,0.363636364,"IM",9,1,298,"Apicomplexa","Haemosporida",0,1,2,12.5,NA,1756477.3670375,438.828571428571,1.2,237.68,227.6475,162.5425,1.25,24.6028571428571,2.13304087607328,0.000506612023859299,0.00170480499317201,0.0137091176450788,0.00191421826680879,1,NA,3,1
"123","Plasmodium eylesi",0.4,0.5,"IM",2,0,1,"Apicomplexa","Haemosporida",0,1,4,10,NA,638113.1838,983.67,2,90.44,229.63,172.74,1,6.6,2.40814581961732,0.000385861403974977,0,0.00645134948003707,0.00317739130499946,1,NA,3,1
"124","Plasmodium falciparum",0.260869565,0.071428571,"AT",9,0,40917,"Apicomplexa","Haemosporida",0,1,4,6,1.2,2967362.02576,918.886,1.8,15.872,248.432,165.758,1,17.398,2.45047551291453,0.000557268691181011,0.000183827773272178,0.0370491784424986,0.0251563927578024,1,NA,3,1
"125","Plasmodium fieldi",0.434782609,0.4,"IM",2,0,16,"Apicomplexa","Haemosporida",0,1,2.5,30,NA,2031843.3725,401.76,1.5,114.47,247.955,232.015,1,34.455,2.26488606984029,0.000408210200444215,0,0.0179716164086747,0.00459144239737314,1,NA,3,1
"126","Plasmodium fragile",0.473684211,0.285714286,"IM",3,0,68,"Apicomplexa","Haemosporida",0,1,2,10,NA,334386.1878,456.25,1,374.12,261.325,117.705,1.5,19.15,2.2116833498539,0.000471057120385511,0,0.0110594562514921,0.00112936396519917,1,NA,3,1
"127","Plasmodium gaboni",0.421052632,0.5,"AT",2,0,11,"Apicomplexa","Haemosporida",0,1,6,10,2,2489781.737,1825,2,34.36,241.68,149.72,1,1.63,2.58751357028504,0.000520924686533187,0,0.0635918734460797,0.0356188451719332,1,NA,3,1
"128","Plasmodium georgesi",0.294117647,0.666666667,"AT",2,0,3,"Apicomplexa","Haemosporida",0,1,3,10,1,1461519.111,770.15,2,21.125,239.465,140.045,1,14.86,2.2302194962116,0.000455102764464492,0,0.0105986455743466,3.18431743670347e-05,1,NA,3,1
"129","Plasmodium girardi",0.166666667,0,"AT",1,0,0,"Apicomplexa","Haemosporida",0,1,NA,0,NA,NA,NA,NA,15.27,228.42,106.88,3,NA,NA,0.000407602501838923,0,0.00737297083432808,0.000302876333122001,1,NA,3,1
"130","Plasmodium gonderi",0.333333333,0.285714286,"AT",6,0,15,"Apicomplexa","Haemosporida",0,1,2.75,10,1.33333333333333,567364.66204,526.754,1.75,52.9214285714286,246.342857142857,166.297142857143,1,21.315,2.11357967992585,0.000466857650919092,4.16261500944746e-06,0.00868957276902953,0.000454901409594376,1,NA,3,1
"131","Plasmodium hylobati",0,0,"IM",3,0,5,"Apicomplexa","Haemosporida",0,1,4,10,NA,39232.4434,730,2,1249.44,238.25,211.91,2,6.18,NA,0,0,0.00092162135429101,0,1,NA,3,1
"132","Plasmodium inui",0.301886792,0.375,"IM",12,1,48,"Apicomplexa","Haemosporida",0,1,1.5,11,NA,1580431.04017,426.091666666667,1.16666666666667,185.543,217.868,193.869,1.4,37.11375,2.08766361989732,0.000485950271279378,0.00367926866971589,0.010045672761772,0.0013074065066258,1,NA,3,1
"133","Plasmodium jefferyi",0.4,0.5,"IM",2,0,0,"Apicomplexa","Haemosporida",0,1,4,10,NA,638113.1838,983.67,2,90.44,229.63,172.74,1,6.6,2.40814581961732,0.000385861403974977,0,0.00645134948003707,0.00317739130499946,1,NA,3,1
"134","Plasmodium knowlesi",0.375,0.3,"IM",3,1,145,"Apicomplexa","Haemosporida",0,1,2,20,NA,1451147.0103,401.76,1.33333333333333,107.87,247.646666666667,247.51,1.33333333333333,42.75,2.24389450205846,0.000408482304297331,2.9406228481183e-07,0.0138243203143652,0.00306096159824876,1,NA,3,1
"135","Plasmodium petersi",0.294117647,0.5,"AT",2,0,3,"Apicomplexa","Haemosporida",0,1,3,10,1,1461519.111,770.15,2,21.125,239.465,140.045,1,14.86,2.2302194962116,0.000455102764464492,0,0.0105986455743466,3.18431743670347e-05,1,NA,3,1
"136","Plasmodium pitheci",0.35,0.25,"IM",2,0,1,"Apicomplexa","Haemosporida",0,1,5,10,2,127623.0593,2007.5,2,11.82,237.71,258.7,2,2,3.06323526661507,0.000451356801419932,0,0.0211972911486932,3.54822320902063e-06,1,NA,3,1
"137","Plasmodium reichenowi",0.361111111,0.25,"AT",4,0,91,"Apicomplexa","Haemosporida",0,1,4.5,5,1.5,1592698.5849,1627.9,2,24.135,242.055,151.3,1,1.11,2.70434708856074,0.000530357620107865,2.76491155694679e-06,0.0566797132888971,0.0185437306907484,1,NA,3,1
"138","Plasmodium rodhaini",0.347222222,0.5,"AT",1,1,20,"Apicomplexa","Haemosporida",0,1,4.5,5,1.5,1592698.5849,1627.9,2,24.135,242.055,151.3,1,1.11,2.70434708856074,0.000530357620107865,2.76491155694679e-06,0.0601357933674884,0.0270812879313408,1,NA,3,1
"139","Plasmodium schwetzi",0.361111111,0.666666667,"AT",2,0,2,"Apicomplexa","Haemosporida",0,1,4.5,5,1.5,1592698.5849,1627.9,2,24.135,242.055,151.3,1,1.11,2.70434708856074,0.000530357620107865,2.76491155694679e-06,0.0566797132888971,0.0185437306907484,1,NA,3,1
"140","Plasmodium shortii",0.473684211,1,"IM",2,0,1,"Apicomplexa","Haemosporida",0,1,2,10,NA,334386.1878,456.25,1,374.12,261.325,117.705,1.5,19.15,2.2116833498539,0.000471057120385511,0,0.0110594562514921,0.00112936396519917,1,NA,3,1
"141","Plasmodium simiovale",0.466666667,1,"IM",1,0,16,"Apicomplexa","Haemosporida",0,1,2,10,NA,46446.4766,547.5,1,335.39,258.11,141.67,2,30,2.2116833498539,0.00046960589983556,0,0.0156675630229472,0.00224342799192105,1,NA,3,1
"142","Plasmodium simium",0.171428571,0.25,"NT",5,0,27,"Apicomplexa","Haemosporida",0,1,4.25,0,1,1964250.707525,740.136666666667,1.5,60.385,224.07,158.3825,1,49.515,2.35457788782535,0.000508199296335808,6.56204444046763e-06,0.0168195897158109,0.0171270449139702,1,NA,3,1
"143","Plasmodium vivax",0.303030303,0.363636364,"AT",5,0,6310,"Apicomplexa","Haemosporida",0,1,4.75,12.5,1.25,2543819.1337,992.495,2,19.215,246.935,161.405,1,14.4225,2.43505570728985,0.000552098717971812,4.68350459740797e-05,0.0398601235730861,0.0271448902222771,1,NA,3,1
"144","Plasmodium youngi",0.4,1,"IM",1,0,0,"Apicomplexa","Haemosporida",0,1,4,10,NA,638113.1838,983.67,2,90.44,229.63,172.74,1,6.6,2.40814581961732,0.000385861403974977,0,0.00645134948003707,0.00317739130499946,1,NA,3,1
"145","Polyplastron multivesiculatum",0.096153846,1,"AT",1,0,68,"Ciliophora","Entodiniomorphida",NA,NA,2,0,1,6697308.45,1049.37,1,30.49,225.9,70.41,1,0.11,3.51324406371774,0.000516453113213652,0,0.0645134948003707,0.00122805424553488,NA,NA,NA,NA
"146","Prototapirella gorillae",0.368421053,0.333333333,"AT",3,0,3,"Ciliophora","Entodiniomorphida",NA,NA,3,0,1,695615.4328,1430.8,2,13.91,242.43,152.88,1,0.59,2.82118060683645,0.000500190372925768,0,0.0497675531317145,0.00146861620956363,NA,NA,NA,NA
"147","Retortamonas intestinalis",0.263157895,1,"AT",2,0,5,"Metamonada","Retortamonadida",1,0,3.33333333333333,0,1,2277442.38166667,557.84,1.66666666666667,26.3,229.563333333333,122.466666666667,1,55.0833333333333,2.29763196245214,0.00047525658985193,8.23374397473124e-07,0.0168963914953352,5.67205115891991e-05,NA,NA,NA,2
"148","Sarcocystis alces",0.191489362,1,"PA",1,0,19,"Apicomplexa","Eucoccidiorida",NA,NA,1,0,1,7963741.77,365,1,NA,NA,NA,1,0.4,2.43992791556131,0.000521713787707222,0,0.0506891744860055,0.000217045016451404,1,1,2,NA
"149","Sarcocystis alceslatrans",0.1875,1,NA,1,0,4,"Apicomplexa","Eucoccidiorida",0,0,1,0,1,7963741.77,365,1,NA,NA,NA,1,0.4,2.43992791556131,0.000521713787707222,0,0.0506891744860055,0.000217045016451404,1,1,2,2
"150","Sarcocystis americana",0.166666667,0.2,NA,1,0,4,"Apicomplexa","Eucoccidiorida",0,0,2,0,1,6307636.164,365,1,14.38,67.61,38.76,1,16,NA,0.000508471400188924,0,0.0543756599031696,1.13656685831349e-05,1,1,2,2
"151","Sarcocystis arctosi",0.294117647,1,NA,1,0,3,"Apicomplexa","Eucoccidiorida",0,0,6,6,1,27908100.28,912.5,2,14.85,-46.56,35.01,1,0.02,2.75954737493327,0.000489242727902079,0,0.0175108057315292,4.49333470149576e-06,1,1,2,2
"152","Sarcocystis arieticanis",0.304347826,1,"PA",1,0,30,"Apicomplexa","Eucoccidiorida",0,0,2,0,1,15605.9357,547.5,1,135.27,42.76,87.78,1,NA,2.26138494150229,0.000458513132756876,0,0.0239621552115663,0,1,1,2,2
"153","Sarcocystis axicuonis",0.076923077,0,"IM",2,0,1,"Apicomplexa","Eucoccidiorida",0,0,1,0,1,6221601.67,395.415,2,253.235,176.545,95.71,1,3.62,2.08469706439311,0.000459238743031851,0,0.0105986455743466,0.000647655763053254,1,1,2,2
"154","Sarcocystis camelopardalis",0.285714286,1,"AT",1,0,1,"Apicomplexa","Eucoccidiorida",0,0,5,0,1,2016377.813,608.33,1,18.23,238.58,64.96,1,1.23,3.18405446452302,0.000503709582759398,0,0.0239621552115663,2.89345775284935e-06,1,1,2,2
"155","Sarcocystis capracanis",0.304347826,1,"PA",1,0,43,"Apicomplexa","Eucoccidiorida",0,0,2,0,1,15605.9357,547.5,1,135.27,42.76,87.78,1,NA,2.26138494150229,0.000458513132756876,0,0.0239621552115663,0,1,1,2,2
"156","Sarcocystis capreolicanis",0.153846154,1,"PA",1,0,5,"Apicomplexa","Eucoccidiorida",0,0,5,0,1,15261022.82,NA,1,60.79,27.73,44.42,1,2.9,2.40849469491741,0.000553368535953019,0,0.134556717726487,0.134339936655935,1,1,2,2
"157","Sarcocystis cornagliai",0.166666667,1,"PA",1,0,0,"Apicomplexa","Eucoccidiorida",0,0,2,0,1,147984.91945,456.25,1,120.29,56.395,74.255,1,NA,2.3264345678053,0.000518085736332346,3.13666437132619e-07,0.045620257037405,0.0103419956440406,NA,NA,NA,2
"158","Sarcocystis danzani",0,0,"PA",1,0,0,"Apicomplexa","Eucoccidiorida",0,0,1,0,1,715728.4104,365,1,1.55,6.27,23.87,1,NA,3.11482105468248,0.000363594238661673,0,0.00460810677145505,0,1,1,2,2
"159","Sarcocystis dubeyella",0.111111111,1,"AT",1,0,1,"Apicomplexa","Eucoccidiorida",0,0,4,0,1,776098.1421,365,1,17.34,240.33,42.02,1,7.61,3.25755324295575,0.000445905654229181,0,0.0442378250059684,0.00177853978707517,1,1,2,2
"160","Sarcocystis elegans",0.071428571,0,"NT",1,0,0,"Apicomplexa","Eucoccidiorida",0,0,5,20,1,943367.4798,159.8,2,61.47,249.92,99.39,1,508.18,NA,0.00041216477644283,0,0.0147459416686562,0.00369493960289068,1,1,2,1
"161","Sarcocystis felis",0.428571429,1,"AT",1,0,56,"Apicomplexa","Eucoccidiorida",0,0,1,0,1,5241618.941,730,3,28.6,234.38,85.8,1,0.11,2.15679414797302,0.000495138311386253,0,0.0313351260458943,0.00247590027737406,1,1,2,2
"162","Sarcocystis fusiformis",0.287671233,1,NA,1,0,67,"Apicomplexa","Eucoccidiorida",0,0,1,11,1,17097659.69,365,3,27.27,58.18,53.03,1,0.25,1.3826716934761,0.000523255709541545,0,0.0792594364690268,0.00239040093922541,1,1,2,2
"163","Sarcocystis gazellae",0.217391304,1,"AT",1,0,1,"Apicomplexa","Eucoccidiorida",0,0,2,0,1,1950024.369,365,1,2.06,190.15,24,1,10.69,2.50194272303845,0.000451257030007123,0,0.0405513395888044,0.000487100082134352,1,1,2,2
"164","Sarcocystis giraffae",0.285714286,1,"AT",1,0,1,"Apicomplexa","Eucoccidiorida",0,0,5,0,1,2016377.813,608.33,1,18.23,238.58,64.96,1,1.23,3.18405446452302,0.000503709582759398,0,0.0239621552115663,2.89345775284935e-06,1,1,2,2
"165","Sarcocystis grueneri",0.153153153,1,"PA",1,0,4,"Apicomplexa","Eucoccidiorida",0,0,3.5,0,1,9640150.442,365,1,94.6,53.82,51.47,1,12.445,2.54053532121369,0.000557177989896639,1.6386167021317e-07,0.0967702422005558,0.067416898034745,1,1,2,2
"166","Sarcocystis hardangeri",0.151515152,1,"PA",1,0,10,"Apicomplexa","Eucoccidiorida",NA,NA,3,0,NA,18168072.93,365,1,1.07,-90.47,29.21,1,2.55,2.5768435007199,0.000499310570467361,0,0.0368648541716404,2.62284659610805e-05,1,1,2,NA
"167","Sarcocystis hemioni",0.170212766,0.2,NA,1,0,0,"Apicomplexa","Eucoccidiorida",0,0,2,0,1,6307636.164,365,1,14.38,67.61,38.76,1,16,NA,0.000508471400188924,0,0.0543756599031696,1.13656685831349e-05,1,1,2,2
"168","Sarcocystis hemionilatrantis",0.166666667,0.166666667,NA,1,0,5,"Apicomplexa","Eucoccidiorida",0,0,2,0,1,6307636.164,365,1,14.38,67.61,38.76,1,16,NA,0.000508471400188924,0,0.0543756599031696,1.13656685831349e-05,1,1,2,2
"169","Sarcocystis hominis",0.243902439,1,"AT",1,1,62,"Apicomplexa","Eucoccidiorida",0,0,2,0,1,6085429.445,365,1,24.17,215.34,61.83,1,1.06,2.64997756637202,0.000515954256149606,0,0.0534540385488785,0.0159932174971274,1,1,2,2
"170","Sarcocystis kirkpatricki",0.217391304,0.083333333,NA,4,0,3,"Apicomplexa","Eucoccidiorida",0,0,6,19,2,11684182.92,365,2,38.77,111.84,63.25,1,3.29,2.37333404780104,0.000557903600171614,0,0.150224280749435,0.0466763360385458,1,1,2,2
"171","Sarcocystis klaseriensis",0.285714286,1,"AT",1,0,1,"Apicomplexa","Eucoccidiorida",0,0,5,0,1,2016377.813,608.33,1,18.23,238.58,64.96,1,1.23,3.18405446452302,0.000503709582759398,0,0.0239621552115663,2.89345775284935e-06,1,1,2,2
"172","Sarcocystis melampi",0.169811321,1,"AT",1,0,1,"Apicomplexa","Eucoccidiorida",0,0,2,0,1,3485542.674,365,1,37.6,216.36,73.05,1,13.36,3.11482105468248,0.000518720645322949,0,0.0755729510518628,0.0352864711413631,1,1,2,2
"173","Sarcocystis mephitisi",0.344827586,1,NA,1,0,1,"Apicomplexa","Eucoccidiorida",0,0,6,20,1,12271140.38,365,2,28.88,75.97,52.67,1,8.15,2.40932068540834,0.000502938621842237,0,0.0359432328173494,0.00161253957729394,1,1,2,2
"174","Sarcocystis mongolica",0,0,"PA",1,0,0,"Apicomplexa","Eucoccidiorida",0,0,1,0,1,715728.4104,365,1,1.55,6.27,23.87,1,NA,3.11482105468248,0.000363594238661673,0,0.00460810677145505,0,1,1,2,2
"175","Sarcocystis neurona",0.221343874,0.114754098,NA,15,0,555,"Apicomplexa","Eucoccidiorida",0,0,3.85714285714286,20,1.42857142857143,7800312.56474286,379.627142857143,2.42857142857143,25.5275,63.81,55.76,1,4,2.24225718236585,0.000597812165295254,0.000137278944875493,0.0518741162272369,0.0123998358437424,1,1,2,2
"176","Sarcocystis odocoileocanis",0.123076923,0.1,"NT",4,0,3,"Apicomplexa","Eucoccidiorida",0,0,4,0,1,14410477.61,304.16,1,34.11,127.64,80.45,1,17.32,NA,0.000530874617428785,0,0.0847891645947729,0.00694997549363207,1,1,2,2
"177","Sarcocystis ovalis",0.1875,0.5,NA,2,0,5,"Apicomplexa","Eucoccidiorida",NA,NA,1,0,1,7963741.77,365,1,NA,NA,NA,1,0.4,2.43992791556131,0.000521713787707222,0,0.0506891744860055,0.000217045016451404,1,1,2,NA
"178","Sarcocystis phacochoeri",0.111111111,1,"AT",1,0,1,"Apicomplexa","Eucoccidiorida",0,0,4,0,1,776098.1421,365,1,17.34,240.33,42.02,1,7.61,3.25755324295575,0.000445905654229181,0,0.0442378250059684,0.00177853978707517,1,1,2,2
"179","Sarcocystis rangi",0.151515152,1,"PA",1,0,5,"Apicomplexa","Eucoccidiorida",0,0,3,0,NA,18168072.93,365,1,1.07,-90.47,29.21,1,2.55,2.5768435007199,0.000499310570467361,0,0.0368648541716404,2.62284659610805e-05,1,1,2,2
"180","Sarcocystis scandinavica",0.1875,1,"PA",1,0,1,"Apicomplexa","Eucoccidiorida",NA,NA,1,0,1,7963741.77,365,1,NA,NA,NA,1,0.4,2.43992791556131,0.000521713787707222,0,0.0506891744860055,0.000217045016451404,1,1,2,NA
"181","Sarcocystis sebeki",0.235294118,1,"PA",1,0,6,"Apicomplexa","Eucoccidiorida",0,0,1,20,1,9763858.967,365,3,NA,NA,NA,1,2.52,3.28760578632801,0.000504208439823444,0,0.0433162036516774,0.00011896374638878,1,1,2,2
"182","Sarcocystis silva",0.153153153,1,"PA",1,0,3,"Apicomplexa","Eucoccidiorida",0,0,3.5,0,1,9640150.442,365,1,94.6,53.82,51.47,1,12.445,2.54053532121369,0.000557177989896639,1.6386167021317e-07,0.0967702422005558,0.067416898034745,NA,NA,NA,2
"183","Sarcocystis tarandivulpes",0.151515152,0.5,"PA",2,0,5,"Apicomplexa","Eucoccidiorida",0,0,3,0,NA,18168072.93,365,1,1.07,-90.47,29.21,1,2.55,2.5768435007199,0.000499310570467361,0,0.0368648541716404,2.62284659610805e-05,1,1,2,2
"184","Sarcocystis ursusi",0.363636364,1,NA,1,0,1,"Apicomplexa","Eucoccidiorida",0,0,1,13,1,9704197.651,821.25,1,11.45,3.89,51.94,1,0.72,3.00697021541682,0.000512825061838775,0,0.0442378250059684,5.09997949243232e-06,1,1,2,2
"185","Sarcocystis woodhousei",0.217391304,1,"AT",1,0,1,"Apicomplexa","Eucoccidiorida",0,0,2,0,1,1950024.369,365,1,2.06,190.15,24,1,10.69,2.50194272303845,0.000451257030007123,0,0.0405513395888044,0.000487100082134352,1,1,2,2
"186","Sarcocystis youngi",0.166666667,0.333333333,NA,1,0,0,"Apicomplexa","Eucoccidiorida",0,0,2,0,1,6307636.164,365,1,14.38,67.61,38.76,1,16,NA,0.000508471400188924,0,0.0543756599031696,1.13656685831349e-05,1,1,2,2
"187","Spirodinium equi",0.096153846,1,"AT",1,0,60,"Ciliophora","Entodiniomorphida",NA,NA,2,0,1,6697308.45,1049.37,1,30.49,225.9,70.41,1,0.11,3.51324406371774,0.000516453113213652,0,0.0645134948003707,0.00122805424553488,NA,NA,NA,NA
"188","Tetratoxum parvum",0.096153846,1,"AT",1,0,3,"Ciliophora","Entodiniomorphida",NA,NA,2,0,1,6697308.45,1049.37,1,30.49,225.9,70.41,1,0.11,3.51324406371774,0.000516453113213652,0,0.0645134948003707,0.00122805424553488,NA,NA,NA,NA
"189","Tetratoxum unifasciculatum",0.096153846,1,"AT",1,0,39,"Ciliophora","Entodiniomorphida",NA,NA,2,0,1,6697308.45,1049.37,1,30.49,225.9,70.41,1,0.11,3.51324406371774,0.000516453113213652,0,0.0645134948003707,0.00122805424553488,NA,NA,NA,NA
"190","Theileria annae",0.339805825,0.5,NA,2,0,925,"Apicomplexa","Piroplasmida",0,1,1,1,1,64742299.85,365,3,66.44,34.32,46.58,1,1.1,1.48795553900508,0.000545296121643919,0,0.135478339080778,0.097757706844756,1,NA,1,1
"191","Theileria bicornis",0.096153846,1,"AT",1,0,163,"Apicomplexa","Piroplasmida",0,1,2,0,1,6697308.45,1049.37,1,30.49,225.9,70.41,1,0.11,3.51324406371774,0.000516453113213652,0,0.0645134948003707,0.00122805424553488,1,NA,1,1
"192","Theileria buffeli",0.3,1,"AT",1,0,32,"Apicomplexa","Piroplasmida",0,1,1,0,1,8442938.751,638.75,1,31.59,237.8,100.45,1,5.84,3.00510639782311,0.000514820490094957,0,0.0525324171945875,0.00730694283373809,1,NA,1,1
"193","Theileria cervi",0.104651163,0.2,NA,6,0,271,"Apicomplexa","Piroplasmida",0,1,2.66666666666667,0,1,7118402.62883333,364.9975,1,155.118333333333,109.675,67.85,1,10.9416666666667,2.48320727240885,0.000587744322729972,6.37344104065776e-05,0.0657423232727586,0.0250039802143158,1,NA,1,1
"194","Theileria equi",0.173333333,0.666666667,"AT",2,0,80,"Apicomplexa","Achromatorida",0,1,2,5,1,2194886.05245,661.555,1,14.46,187.41,53.185,1,3.59,2.52862306524186,0.000522711501835313,7.41036957725812e-06,0.0483851211002779,0.0030679697783904,1,1,1,1
"195","Theileria mutans",0.3,1,"AT",1,0,1101,"Apicomplexa","Piroplasmida",0,1,1,0,1,8442938.751,638.75,1,31.59,237.8,100.45,1,5.84,3.00510639782311,0.000514820490094957,0,0.0525324171945875,0.00730694283373809,1,NA,1,1
"196","Theileria parva",0.3,0.333333333,"AT",3,0,41,"Apicomplexa","Piroplasmida",0,1,1,0,1,8442938.751,638.75,1,31.59,237.8,100.45,1,5.84,3.00510639782311,0.000514820490094957,0,0.0525324171945875,0.00730694283373809,1,1,1,1
"197","Toxoplasma gondii",0.161325967,0.132743363,NA,36,1,1516,"Apicomplexa","Eucoccidiorida",1,0,3.12987012987013,10.3589743589744,1.19444444444444,9634987.35272716,431.734861111111,1.94805194805195,43.0307129742082,122.879846153846,68.5026153846154,1.1025641025641,5.88572108516923,2.39118021131767,0.000862569214376857,0.270179755132543,0.0357611841547734,0.009304510291392,1,1,10,3
"198","Triadinium galea",0.096153846,1,"AT",1,0,254,"Ciliophora","Entodiniomorphida",NA,NA,2,0,1,6697308.45,1049.37,1,30.49,225.9,70.41,1,0.11,3.51324406371774,0.000516453113213652,0,0.0645134948003707,0.00122805424553488,NA,NA,NA,NA
"199","Trichomonas intestinalis",0.411764706,1,"AT",1,0,2,"Metamonada","Trichomonadida",1,0,4,0,NA,2306683.887,565.75,2,38.24,221.49,109.08,1,70.39,2.45268085411068,0.000403774907638429,0,0.0165891843772382,7.95557601401132e-05,0,NA,1,1
"200","Troglocorys cava",0.421052632,0.1,"AT",3,0,24,"Ciliophora","Entodiniomorphida",NA,NA,6,10,2,2489781.737,1825,2,34.36,241.68,149.72,1,1.63,2.58751357028504,0.000520924686533187,0,0.0635918734460797,0.0356188451719332,NA,NA,NA,NA
"201","Troglodytella abrassarti",0.421052632,0.5,"AT",2,0,1,"Ciliophora","Entodiniomorphida",1,0,6,10,2,2489781.737,1825,2,34.36,241.68,149.72,1,1.63,2.58751357028504,0.000520924686533187,0,0.0635918734460797,0.0356188451719332,NA,NA,NA,1
"202","Trypanosoma advieri",0.384615385,1,"NT",1,0,0,"Euglenozoa","Trypanosomatida",0,1,6,10,1,1061273.593,1072.18,2,3.25,255.77,157.69,1,8,2.45777274481709,0.000478884641226807,0,0.0138243203143651,0.000417087727114457,NA,NA,NA,1
"203","Trypanosoma brucei",0.253333333,0.375,"AT",4,1,1544,"Euglenozoa","Trypanosomatida",1,1,2.85714285714286,14,1.08333333333333,3614549.75524667,312.57,1.5,50.6366666666667,241.012,122.420666666667,1,14.6284615384615,2.65842711501323,0.000534711281757717,0.00221913950756507,0.0090933306956713,0.00124984733786539,0,1,3,2
"204","Trypanosoma cervi",0.132653061,0.333333333,"PA",3,0,288,"Euglenozoa","Trypanosomatida",0,1,2.5,0,1,11187109.69,334.58,1,34.11,127.64,80.45,1,8.86,2.43992791556131,0.000549740484578142,4.0361490072212e-06,0.0677391695403892,0.00358351025504174,0,NA,3,1
"205","Trypanosoma congolense",0.114285714,0.181818182,"AT",5,0,0,"Euglenozoa","Trypanosomatida",0,1,2.75,11.25,1,4079793.4856625,441.21,1.625,47.90875,242.19625,125.685,1,9.63714285714286,2.79901349079016,0.000534230564950546,6.50923204224587e-05,0.0120962802750695,0.00081064552509354,0,1,3,1
"206","Trypanosoma conorhini",0.37037037,0.272727273,"IM",4,0,16312,"Euglenozoa","Trypanosomatida",0,1,2.5,23.3333333333333,NA,1363486.56906667,421.95,1.5,206.753333333333,208.476666666667,208.63,1.33333333333333,34.455,2.17922763139397,0.000459510846884967,1.02464369463322e-06,0.0144387345505592,0.00306096159824876,NA,NA,NA,1
"207","Trypanosoma cruzi",0.210191083,0.163120567,"NT",19,1,4,"Euglenozoa","Trypanosomatida",0,1,4.03225806451613,22.2702702702703,1.14285714285714,3594852.97889737,451.4184,1.80645161290323,33.2797619047619,230.304523809524,156.406904761905,1,33.115625,2.3581784668368,0.000638718444546985,0.0419555391242216,0.0150092620555965,0.00518967553134653,0,NA,3,1
"208","Trypanosoma cyclops",0.434782609,0.5,"IM",1,0,2,"Euglenozoa","Trypanosomatida",0,1,2.5,30,NA,2031843.3725,401.76,1.5,114.47,247.955,232.015,1,34.455,2.26488606984029,0.000408210200444215,0,0.0179716164086747,0.00459144239737314,0,NA,3,1
"209","Trypanosoma devei",0.181818182,0.5,"NT",4,0,4,"Euglenozoa","Trypanosomatida",0,1,4.5,27.5,1,1031395.694075,250.165,2,5.04666666666667,250.008333333333,179.056666666667,1,13.9233333333333,2.28324844288636,0.000422232619008112,1.82972088327361e-07,0.00706576371623107,0.000538996160840704,0,NA,3,1
"210","Trypanosoma diasi",0.307692308,0.5,"NT",2,0,189,"Euglenozoa","Trypanosomatida",0,1,6,NA,2,6000312.011,657,2,20.1,241.17,154.19,NA,23.77,2.44271543148563,0.000414840464331802,0,0.0129026989600741,0.000253596955957056,0,NA,3,1
"211","Trypanosoma evansi",0.315789474,0.25,"IM",5,0,1117,"Euglenozoa","Trypanosomatida",0,1,4.25,3.125,1.5,9844231.1411875,636.666,1.5,118.685,219.5675,143.245,1.125,7.31875,2.96436007635248,0.000568606351727499,0.000302766201706388,0.0216581018258387,0.00890381078772544,0,1,3,1
"212","Trypanosoma hippicum",0.185185185,0.5,NA,NA,0,0,"Euglenozoa","Trypanosomatida",0,1,5,0,1,3601662.6645,507.35,1.5,64.53,223.57,157.785,1,66.79,2.20999553703414,0.000504843348814047,0,0.0225797231801297,0.0342357110454957,0,NA,3,1
"213","Trypanosoma irangiense",0.4,0.2,"AT",3,0,0,"Euglenozoa","Trypanosomatida",0,1,4,10,1,4156557.9385,359.525,2,47.045,243.7,139.715,1,33.02,3.47429395660515,0.000356329065783483,3.04408920758913e-06,0.00460810677145505,0.000783356850037603,0,NA,3,1
"214","Trypanosoma lambrechti",0.179487179,0.333333333,"NT",3,0,0,"Euglenozoa","Trypanosomatida",0,1,4.33333333333333,10,1.33333333333333,2907954.8462,539.97,1.66666666666667,13.8275,249.72,171.6275,1,19.1733333333333,2.38718650839213,0.000508743504042039,6.31580440601408e-06,0.0119810776057831,0.0119765614992552,0,NA,3,1
"215","Trypanosoma lesourdi",0.384615385,1,"NT",1,0,12,"Euglenozoa","Trypanosomatida",0,1,6,10,1,1061273.593,1072.18,2,3.25,255.77,157.69,1,8,2.45777274481709,0.000478884641226807,0,0.0138243203143651,0.000417087727114457,0,NA,3,1
"216","Trypanosoma minasense",0.12037037,0.290909091,"NT",8,0,0,"Euglenozoa","Trypanosomatida",0,1,3.7,17.6923076923077,1.12,1565255.29474615,493.821666666667,1.75,30.4779310344828,246.024482758621,172.632068965517,1,49.74375,2.30279669997707,0.000541940174122158,0.00872000427977651,0.0106463156443961,0.00336134829431535,0,NA,3,1
"217","Trypanosoma mycetae",0.173913043,0.5,"NT",5,0,0,"Euglenozoa","Trypanosomatida",0,1,3.33333333333333,1.42857142857143,1,1747978.392525,509.78,1.16666666666667,34.1142857142857,237.648571428571,156.088571428571,1,40.625,2.2259876535578,0.000513913477251238,8.06829681044822e-06,0.0137091176450788,0.00877317574336311,0,NA,3,1
"218","Trypanosoma perodictici",0.285714286,0.111111111,"AT",5,0,6,"Euglenozoa","Trypanosomatida",0,1,4.33333333333333,15,1,4402991.26933333,361.35,2,42.8766666666667,235.873333333333,122.173333333333,1,51.3433333333333,3.37335589820789,0.000442595057349606,0.000478796895344787,0.00675855659813407,0.00253677143202149,0,NA,3,1
"219","Trypanosoma pestanai",0.235294118,0.5,"PA",2,0,0,"Euglenozoa","Trypanosomatida",0,1,1,20,1,9763858.967,365,3,NA,NA,NA,1,2.52,3.28760578632801,0.000504208439823444,0,0.0433162036516774,0.00011896374638878,0,NA,3,1
"220","Trypanosoma primatum",0.329268293,0.363636364,"AT",5,0,509,"Euglenozoa","Trypanosomatida",0,1,4,12.5,1.33333333333333,1645634.45435,1612.08333333333,2,24.14,241.3,145.87,1,32.2625,2.52560793192351,0.000539427748545056,9.33275498792609e-06,0.0357128274787766,0.0105270819492188,0,NA,3,1
"221","Trypanosoma rangeli",0.080645161,0.55,"NT",6,1,3,"Euglenozoa","Trypanosomatida",0,1,4.42857142857143,26.6666666666667,1.33333333333333,2016721.61075,445.687142857143,2,12.0436363636364,249.151818181818,188.894545454545,1,19.9466666666667,2.19534774800035,0.000478839290584621,1.81328606891135e-05,0.0123162126437071,0.00210758813029961,0,NA,3,1
"222","Trypanosoma sanmartini",0.103448276,1,"NT",1,0,76,"Euglenozoa","Trypanosomatida",0,1,3,20,1,4419721.477,383.25,2,4.63,253.03,186.86,1,36.09,2.16093366027277,0.000421280255522207,0,0.0304135046916033,0.0186400370745761,0,NA,3,1
"223","Trypanosoma simiae",0.120689655,0.25,"AT",3,0,13,"Euglenozoa","Trypanosomatida",0,1,3,0,1,4029212.131525,552.915,1.4,25.7825,232.665,93.1475,1,11.26,2.90530761962793,0.000525931397430516,5.7527295865781e-06,0.0180637785441038,0.000797932383264546,0,NA,3,1
"224","Trypanosoma theileri",0.3,1,"AT",1,0,0,"Euglenozoa","Trypanosomatida",0,1,1,0,1,8442938.751,638.75,1,31.59,237.8,100.45,1,5.84,3.00510639782311,0.000514820490094957,0,0.0525324171945875,0.00730694283373809,0,1,3,1
"225","Trypanosoma venezuelense",0.185185185,0.5,NA,NA,0,840,"Euglenozoa","Trypanosomatida",0,1,5,0,1,3601662.6645,507.35,1.5,64.53,223.57,157.785,1,66.79,2.20999553703414,0.000504843348814047,0,0.0225797231801297,0.0342357110454957,0,NA,3,1
"226","Trypanosoma vivax",0.234042553,0.545454545,"AT",3,0,2,"Euglenozoa","Trypanosomatida",0,1,2.88888888888889,12,1.11111111111111,3123691.17222,336.476,1.66666666666667,45.314,243.932,127.148,1,17.24625,2.56042341743056,0.000514883980994018,9.5426478780159e-06,0.00820243005318998,0.00115572915602791,0,1,3,1
